singleTurnPosition,internalSingleTurnPosition,normalizedExternalMultiTurnSyncBits,normalizedInternalMultiTurnSyncBits,externalMultiTurnPosition,multiTurnPosition
111190,111190,14,1,5,2
111735,111735,14,1,5,2
112300,112300,14,1,5,2
112850,112850,14,1,5,2
113409,113409,14,1,5,2
113970,113970,14,1,5,2
114507,114507,14,1,5,2
115053,115053,14,1,5,2
115609,115609,14,1,5,2
116174,116174,14,1,5,2
116724,116724,14,1,5,2
117291,117291,14,1,5,2
117845,117845,14,1,5,2
118386,118386,14,1,5,2
118944,118944,14,1,5,2
119489,119489,14,1,5,2
120041,120041,14,1,5,2
120602,120602,14,1,5,2
121162,121162,14,1,5,2
121719,121719,14,1,5,2
122268,122268,14,1,5,2
122815,122815,14,1,5,2
123370,123370,14,1,5,2
123919,123919,14,1,5,2
124473,124473,14,1,5,2
125034,125034,14,1,5,2
125592,125592,14,1,5,2
126150,126150,14,1,5,2
126686,126686,14,1,5,2
127237,127237,14,1,5,2
127788,127788,14,1,5,2
128344,128344,14,1,5,2
128900,128900,14,1,5,2
129456,129456,14,1,5,2
130020,130020,14,1,5,2
130563,130563,14,1,5,2
131115,131115,14,1,5,2
131672,131672,14,1,5,2
132220,132220,14,1,5,2
132785,132785,14,1,5,2
133352,133352,14,1,5,2
133914,133914,14,1,5,2
134475,134475,14,1,5,2
135025,135025,14,1,5,2
135573,135573,12,3,5,2
136140,136140,12,3,5,2
136710,136710,12,3,5,2
137263,137263,12,3,5,2
137835,137835,12,3,5,2
138398,138398,12,3,5,2
138955,138955,12,3,5,2
139506,139506,12,3,5,2
140078,140078,12,3,5,2
140637,140637,12,3,5,2
141205,141205,12,3,5,2
141772,141772,12,3,5,2
142334,142334,12,3,5,2
142895,142895,12,3,5,2
143436,143436,12,3,5,2
144000,144000,12,3,5,2
144559,144559,12,3,5,2
145132,145132,12,3,5,2
145695,145695,12,3,5,2
146257,146257,12,3,5,2
146819,146819,12,3,5,2
147354,147354,12,3,5,2
147901,147901,12,3,5,2
148461,148461,12,3,5,2
149018,149018,12,3,5,2
149573,149573,12,3,5,2
150123,150123,12,3,5,2
150680,150680,12,3,5,2
151227,151227,12,3,5,2
151760,151760,12,3,5,2
152307,152307,12,3,5,2
152864,152864,12,3,5,2
153420,153420,12,3,5,2
153959,153959,12,3,5,2
154496,154496,12,3,5,2
155041,155041,12,3,5,2
155574,155574,12,3,5,2
156115,156115,12,3,5,2
156653,156653,12,3,5,2
157198,157198,12,3,5,2
157735,157735,12,3,5,2
158281,158281,12,3,5,2
158814,158814,12,3,5,2
159340,159340,12,3,5,2
159868,159868,12,3,5,2
160410,160410,12,3,5,2
160936,160936,12,3,5,2
161483,161483,12,3,5,2
162016,162016,12,3,5,2
162558,162558,12,3,5,2
163094,163094,12,3,5,2
163606,163606,12,3,5,2
164146,164146,12,3,5,2
164680,164680,12,3,5,2
165233,165233,12,3,5,2
165773,165773,12,3,5,2
166316,166316,12,3,5,2
166857,166857,12,3,5,2
167398,167398,12,3,5,2
167925,167925,12,3,5,2
168467,168467,10,5,5,2
169017,169017,10,5,5,2
169563,169563,10,5,5,2
170124,170124,10,5,5,2
170667,170667,10,5,5,2
171217,171217,10,5,5,2
171751,171751,10,5,5,2
172301,172301,10,5,5,2
172841,172841,10,5,5,2
173401,173401,10,5,5,2
173955,173955,10,5,5,2
174516,174516,10,5,5,2
175065,175065,10,5,5,2
175617,175617,10,5,5,2
176159,176159,10,5,5,2
176717,176717,10,5,5,2
177274,177274,10,5,5,2
177842,177842,10,5,5,2
178398,178398,10,5,5,2
178960,178960,10,5,5,2
179514,179514,10,5,5,2
180066,180066,10,5,5,2
180634,180634,10,5,5,2
181173,181173,10,5,5,2
181733,181733,10,5,5,2
182310,182310,10,5,5,2
182860,182860,10,5,5,2
183431,183431,10,5,5,2
183974,183974,10,5,5,2
184535,184535,10,5,5,2
185080,185080,10,5,5,2
185649,185649,10,5,5,2
186203,186203,10,5,5,2
186764,186764,10,5,5,2
187327,187327,10,5,5,2
187884,187884,10,5,5,2
188416,188416,10,5,5,2
188963,188963,10,5,5,2
189520,189520,10,5,5,2
190073,190073,10,5,5,2
190619,190619,10,5,5,2
191159,191159,10,5,5,2
191704,191704,10,5,5,2
192235,192235,10,5,5,2
192770,192770,10,5,5,2
193316,193316,10,5,5,2
193854,193854,10,5,5,2
194381,194381,10,5,5,2
194919,194919,10,5,5,2
195450,195450,10,5,5,2
195975,195975,10,5,5,2
196502,196502,10,5,5,2
197020,197020,10,5,5,2
197553,197553,10,5,5,2
198077,198077,10,5,5,2
198603,198603,10,5,5,2
199127,199127,10,5,5,2
199650,199650,10,5,5,2
200168,200168,10,5,5,2
200679,200679,10,5,5,2
201185,201185,8,7,5,2
201706,201706,8,7,5,2
202217,202217,8,7,5,2
202735,202735,8,7,5,2
203239,203239,8,7,5,2
203757,203757,8,7,5,2
204261,204261,8,7,5,2
204756,204756,8,7,5,2
205260,205260,8,7,5,2
205759,205759,8,7,5,2
206265,206265,8,7,5,2
206764,206764,8,7,5,2
207270,207270,8,7,5,2
207765,207765,8,7,5,2
208257,208257,8,7,5,2
208746,208746,8,7,5,2
209231,209231,8,7,5,2
209712,209712,8,7,5,2
210220,210220,8,7,5,2
210713,210713,8,7,5,2
211204,211204,8,7,5,2
211688,211688,8,7,5,2
212187,212187,8,7,5,2
212667,212667,8,7,5,2
213150,213150,8,7,5,2
213628,213628,8,7,5,2
214114,214114,8,7,5,2
214600,214600,8,7,5,2
215098,215098,8,7,5,2
215579,215579,8,7,5,2
216067,216067,8,7,5,2
216534,216534,8,7,5,2
217015,217015,8,7,5,2
217482,217482,8,7,5,2
217965,217965,8,7,5,2
218457,218457,8,7,5,2
218947,218947,8,7,5,2
219430,219430,8,7,5,2
219910,219910,8,7,5,2
220393,220393,8,7,5,2
220875,220875,8,7,5,2
221346,221346,8,7,5,2
221832,221832,8,7,5,2
222314,222314,8,7,5,2
222797,222797,8,7,5,2
223286,223286,8,7,5,2
223768,223768,8,7,5,2
224251,224251,8,7,5,2
224739,224739,8,7,5,2
225200,225200,8,7,5,2
225680,225680,8,7,5,2
226177,226177,8,7,5,2
226658,226658,8,7,5,2
227149,227149,8,7,5,2
227632,227632,8,7,5,2
228129,228129,8,7,5,2
228608,228608,8,7,5,2
229086,229086,8,7,5,2
229569,229569,8,7,5,2
230065,230065,8,7,5,2
230535,230535,8,7,5,2
231036,231036,8,7,5,2
231520,231520,8,7,5,2
232009,232009,8,7,5,2
232491,232491,8,7,5,2
232980,232980,8,7,5,2
233457,233457,8,7,5,2
233952,233952,6,9,5,2
234444,234444,6,9,5,2
234926,234926,6,9,5,2
235428,235428,6,9,5,2
235926,235926,6,9,5,2
236415,236415,6,9,5,2
236909,236909,6,9,5,2
237382,237382,6,9,5,2
237872,237872,6,9,5,2
238361,238361,6,9,5,2
238853,238853,6,9,5,2
239341,239341,6,9,5,2
239834,239834,6,9,5,2
240331,240331,6,9,5,2
240809,240809,6,9,5,2
241293,241293,6,9,5,2
241776,241776,6,9,5,2
242256,242256,6,9,5,2
242737,242737,6,9,5,2
243230,243230,6,9,5,2
243724,243724,6,9,5,2
244216,244216,6,9,5,2
244702,244702,6,9,5,2
245193,245193,6,9,5,2
245657,245657,6,9,5,2
246137,246137,6,9,5,2
246624,246624,6,9,5,2
247119,247119,6,9,5,2
247606,247606,6,9,5,2
248097,248097,6,9,5,2
248581,248581,6,9,5,2
249066,249066,6,9,5,2
249544,249544,6,9,5,2
250026,250026,6,9,5,2
250508,250508,6,9,5,2
250992,250992,6,9,5,2
251483,251483,6,9,5,2
251969,251969,6,9,5,2
252451,252451,6,9,5,2
252947,252947,6,9,5,2
253416,253416,6,9,5,2
253897,253897,6,9,5,2
254384,254384,6,9,5,2
254861,254861,6,9,5,2
255342,255342,6,9,5,2
255839,255839,6,9,5,2
256333,256333,6,9,5,2
256824,256824,6,9,5,2
257290,257290,6,9,5,2
257769,257769,6,9,5,2
258243,258243,6,9,5,2
258722,258722,6,9,5,2
259216,259216,6,9,5,2
259689,259689,6,9,5,2
260179,260179,6,9,5,2
260654,260654,6,9,5,2
261143,261143,6,9,5,2
261620,261620,6,9,5,2
262095,262095,6,9,5,2
432,432,6,9,5,2
909,909,6,9,5,2
1400,1400,6,9,5,2
1885,1885,6,9,5,2
2376,2376,6,9,5,2
2866,2866,6,9,5,2
3339,3339,6,9,5,2
3812,3812,6,9,5,2
4289,4289,6,9,5,2
4771,4771,4,11,5,2
5262,5262,4,11,5,2
5748,5748,4,11,5,2
6226,6226,4,11,5,2
6708,6708,4,11,5,2
7203,7203,4,11,5,2
7677,7677,4,11,5,2
8143,8143,4,11,5,2
8626,8626,4,11,5,2
9100,9100,4,11,5,2
9587,9587,4,11,5,2
10077,10077,4,11,5,2
10558,10558,4,11,5,2
11041,11041,4,11,5,2
11520,11520,4,11,5,2
11984,11984,4,11,5,2
12455,12455,4,11,5,2
12940,12940,4,11,5,2
13421,13421,4,11,5,2
13901,13901,4,11,5,2
14381,14381,4,11,5,2
14865,14865,4,11,5,2
15350,15350,4,11,5,2
15838,15838,4,11,5,2
16292,16292,4,11,5,2
16776,16776,4,11,5,2
17261,17261,4,11,5,2
17739,17739,4,11,5,2
18242,18242,4,11,5,2
18713,18713,4,11,5,2
19211,19211,4,11,5,2
19686,19686,4,11,5,2
20159,20159,4,11,5,2
20637,20637,4,11,5,2
21128,21128,4,11,5,2
21613,21613,4,11,5,2
22101,22101,4,11,5,2
22597,22597,4,11,5,2
23096,23096,4,11,5,2
23581,23581,4,11,5,2
24087,24087,4,11,5,2
24564,24564,4,11,5,2
25065,25065,4,11,5,2
25564,25564,4,11,5,2
26071,26071,4,11,5,2
26581,26581,4,11,5,2
27093,27093,4,11,5,2
27597,27597,4,11,5,2
28120,28120,4,11,5,2
28619,28619,4,11,5,2
29120,29120,4,11,5,2
29633,29633,4,11,5,2
30158,30158,4,11,5,2
30673,30673,4,11,5,2
31201,31201,4,11,5,2
31729,31729,4,11,5,2
32251,32251,4,11,5,2
32773,32773,4,11,5,2
33312,33312,4,11,5,2
33837,33837,4,11,5,2
34383,34383,4,11,5,2
34927,34927,4,11,5,2
35471,35471,4,11,5,2
36012,36012,4,11,5,2
36545,36545,4,11,5,2
37075,37075,4,11,5,2
37615,37615,2,13,5,2
38158,38158,2,13,5,2
38717,38717,2,13,5,2
39277,39277,2,13,5,2
39822,39822,2,13,5,2
40373,40373,2,13,5,2
40916,40916,2,13,5,2
41458,41458,2,13,5,2
42013,42013,2,13,5,2
42584,42584,2,13,5,2
43139,43139,2,13,5,2
43694,43694,2,13,5,2
44249,44249,2,13,5,2
44791,44791,2,13,5,2
45334,45334,2,13,5,2
45886,45886,2,13,5,2
46436,46436,2,13,5,2
46995,46995,2,13,5,2
47547,47547,2,13,5,2
48102,48102,2,13,5,2
48662,48662,2,13,5,2
49200,49200,2,13,5,2
49746,49746,2,13,5,2
50306,50306,2,13,5,2
50852,50852,2,13,5,2
51410,51410,2,13,5,2
51963,51963,2,13,5,2
52507,52507,2,13,5,2
53043,53043,2,13,5,2
53572,53572,2,13,5,2
54120,54120,2,13,5,2
54665,54665,2,13,5,2
55211,55211,2,13,5,2
55763,55763,2,13,5,2
56304,56304,2,13,5,2
56846,56846,2,13,5,2
57384,57384,2,13,5,2
57923,57923,2,13,5,2
58463,58463,2,13,5,2
59009,59009,2,13,5,2
59554,59554,2,13,5,2
60100,60100,2,13,5,2
60644,60644,2,13,5,2
61163,61163,2,13,5,2
61694,61694,2,13,5,2
62236,62236,2,13,5,2
62781,62781,2,13,5,2
63323,63323,2,13,5,2
63868,63868,2,13,5,2
64409,64409,2,13,5,2
64949,64949,2,13,5,2
65493,65493,2,13,5,2
66022,66022,2,13,5,2
66573,66573,2,13,5,2
67121,67121,2,13,5,2
67670,67670,2,13,5,2
68222,68222,2,13,5,2
68769,68769,2,13,5,2
69318,69318,2,13,5,2
69846,69846,2,13,5,2
70389,70389,0,15,5,2
70947,70947,0,15,5,2
71499,71499,0,15,5,2
72054,72054,0,15,5,2
72610,72610,0,15,5,2
73174,73174,0,15,5,2
73709,73709,0,15,5,2
74261,74261,0,15,5,2
74821,74821,0,15,5,2
75382,75382,0,15,5,2
75945,75945,0,15,5,2
76512,76512,0,15,5,2
77065,77065,0,15,5,2
77620,77620,0,15,5,2
78165,78165,0,15,5,2
78717,78717,0,15,5,2
79273,79273,0,15,5,2
79848,79848,0,15,5,2
80411,80411,0,15,5,2
80966,80966,0,15,5,2
81532,81532,0,15,5,2
82085,82085,0,15,5,2
82647,82647,0,15,5,2
83215,83215,0,15,5,2
83786,83786,0,15,5,2
84354,84354,0,15,5,2
84925,84925,0,15,5,2
85482,85482,0,15,5,2
86030,86030,0,15,5,2
86599,86599,0,15,5,2
87154,87154,0,15,5,2
87723,87723,0,15,5,2
88305,88305,0,15,5,2
88865,88865,0,15,5,2
89425,89425,0,15,5,2
89987,89987,0,15,5,2
90549,90549,0,15,5,2
91121,91121,0,15,5,2
91685,91685,0,15,5,2
92269,92269,0,15,5,2
92841,92841,0,15,5,2
93397,93397,0,15,5,2
93958,93958,0,15,5,2
94515,94515,0,15,5,2
95075,95075,0,15,5,2
95653,95653,0,15,5,2
96229,96229,0,15,5,2
96803,96803,0,15,5,2
97366,97366,0,15,5,2
97940,97940,0,15,5,2
98505,98505,0,15,5,2
99079,99079,0,15,5,2
99650,99650,0,15,5,2
100224,100224,0,15,5,2
100779,100779,0,15,5,2
101360,101360,0,15,5,2
101924,101924,0,15,5,2
102462,102462,0,15,5,2
103029,103029,14,1,4,3
103587,103587,14,1,4,3
104151,104151,14,1,4,3
104715,104715,14,1,4,3
105277,105277,14,1,4,3
105835,105835,14,1,4,3
106389,106389,14,1,4,3
106950,106950,14,1,4,3
107502,107502,14,1,4,3
108059,108059,14,1,4,3
108621,108621,14,1,4,3
109184,109184,14,1,4,3
109738,109738,14,1,4,3
110272,110272,14,1,4,3
110819,110819,14,1,4,3
111364,111364,14,1,4,3
111908,111908,14,1,4,3
112462,112462,14,1,4,3
112999,112999,14,1,4,3
113537,113537,14,1,4,3
114068,114068,14,1,4,3
114604,114604,14,1,4,3
115128,115128,14,1,4,3
115662,115662,14,1,4,3
116196,116196,14,1,4,3
116727,116727,14,1,4,3
117251,117251,14,1,4,3
117782,117782,14,1,4,3
118288,118288,14,1,4,3
118794,118794,14,1,4,3
119304,119304,14,1,4,3
119828,119828,14,1,4,3
120344,120344,14,1,4,3
120860,120860,14,1,4,3
121354,121354,14,1,4,3
121867,121867,14,1,4,3
122376,122376,14,1,4,3
122869,122869,14,1,4,3
123370,123370,14,1,4,3
123877,123877,14,1,4,3
124368,124368,14,1,4,3
124873,124873,14,1,4,3
125372,125372,14,1,4,3
125860,125860,14,1,4,3
126346,126346,14,1,4,3
126825,126825,14,1,4,3
127312,127312,14,1,4,3
127798,127798,14,1,4,3
128283,128283,14,1,4,3
128773,128773,14,1,4,3
129262,129262,14,1,4,3
129744,129744,14,1,4,3
130233,130233,14,1,4,3
130711,130711,14,1,4,3
131192,131192,14,1,4,3
131661,131661,14,1,4,3
132144,132144,14,1,4,3
132628,132628,14,1,4,3
133106,133106,14,1,4,3
133578,133578,14,1,4,3
134054,134054,14,1,4,3
134534,134534,14,1,4,3
134994,134994,14,1,4,3
135462,135462,12,3,4,3
135929,135929,12,3,4,3
136403,136403,12,3,4,3
136879,136879,12,3,4,3
137354,137354,12,3,4,3
137832,137832,12,3,4,3
138297,138297,12,3,4,3
138768,138768,12,3,4,3
139234,139234,12,3,4,3
139695,139695,12,3,4,3
140173,140173,12,3,4,3
140648,140648,12,3,4,3
141119,141119,12,3,4,3
141611,141611,12,3,4,3
142073,142073,12,3,4,3
142557,142557,12,3,4,3
143029,143029,12,3,4,3
143487,143487,12,3,4,3
143955,143955,12,3,4,3
144432,144432,12,3,4,3
144912,144912,12,3,4,3
145390,145390,12,3,4,3
145875,145875,12,3,4,3
146352,146352,12,3,4,3
146830,146830,12,3,4,3
147302,147302,12,3,4,3
147777,147777,12,3,4,3
148271,148271,12,3,4,3
148747,148747,12,3,4,3
149231,149231,12,3,4,3
149733,149733,12,3,4,3
150217,150217,12,3,4,3
150709,150709,12,3,4,3
151183,151183,12,3,4,3
151656,151656,12,3,4,3
152145,152145,12,3,4,3
152626,152626,12,3,4,3
153126,153126,12,3,4,3
153607,153607,12,3,4,3
154099,154099,12,3,4,3
154586,154586,12,3,4,3
155075,155075,12,3,4,3
155562,155562,12,3,4,3
156052,156052,12,3,4,3
156537,156537,12,3,4,3
157043,157043,12,3,4,3
157540,157540,12,3,4,3
158037,158037,12,3,4,3
158532,158532,12,3,4,3
159035,159035,12,3,4,3
159517,159517,12,3,4,3
160000,160000,12,3,4,3
160490,160490,12,3,4,3
160980,160980,12,3,4,3
161481,161481,12,3,4,3
161982,161982,12,3,4,3
162478,162478,12,3,4,3
162968,162968,12,3,4,3
163460,163460,12,3,4,3
163935,163935,12,3,4,3
164427,164427,12,3,4,3
164920,164920,12,3,4,3
165416,165416,12,3,4,3
165920,165920,12,3,4,3
166405,166405,12,3,4,3
166902,166902,12,3,4,3
167391,167391,12,3,4,3
167863,167863,12,3,4,3
168352,168352,10,5,4,3
168836,168836,10,5,4,3
169320,169320,10,5,4,3
169807,169807,10,5,4,3
170290,170290,10,5,4,3
170776,170776,10,5,4,3
171265,171265,10,5,4,3
171731,171731,10,5,4,3
172205,172205,10,5,4,3
172683,172683,10,5,4,3
173162,173162,10,5,4,3
173654,173654,10,5,4,3
174127,174127,10,5,4,3
174603,174603,10,5,4,3
175076,175076,10,5,4,3
175548,175548,10,5,4,3
176015,176015,10,5,4,3
176475,176475,10,5,4,3
176939,176939,10,5,4,3
177408,177408,10,5,4,3
177885,177885,10,5,4,3
178367,178367,10,5,4,3
178841,178841,10,5,4,3
179301,179301,10,5,4,3
179775,179775,10,5,4,3
180230,180230,10,5,4,3
180692,180692,10,5,4,3
181167,181167,10,5,4,3
181651,181651,10,5,4,3
182113,182113,10,5,4,3
182604,182604,10,5,4,3
183073,183073,10,5,4,3
183537,183537,10,5,4,3
184011,184011,10,5,4,3
184476,184476,10,5,4,3
184943,184943,10,5,4,3
185420,185420,10,5,4,3
185886,185886,10,5,4,3
186371,186371,10,5,4,3
186858,186858,10,5,4,3
187328,187328,10,5,4,3
187800,187800,10,5,4,3
188275,188275,10,5,4,3
188763,188763,10,5,4,3
189253,189253,10,5,4,3
189736,189736,10,5,4,3
190228,190228,10,5,4,3
190724,190724,10,5,4,3
191215,191215,10,5,4,3
191702,191702,10,5,4,3
192197,192197,10,5,4,3
192683,192683,10,5,4,3
193171,193171,10,5,4,3
193675,193675,10,5,4,3
194183,194183,10,5,4,3
194693,194693,10,5,4,3
195188,195188,10,5,4,3
195690,195690,10,5,4,3
196214,196214,10,5,4,3
196711,196711,10,5,4,3
197211,197211,10,5,4,3
197715,197715,10,5,4,3
198245,198245,10,5,4,3
198752,198752,10,5,4,3
199271,199271,10,5,4,3
199788,199788,10,5,4,3
200291,200291,10,5,4,3
200790,200790,10,5,4,3
201301,201301,8,7,4,3
201820,201820,8,7,4,3
202335,202335,8,7,4,3
202858,202858,8,7,4,3
203387,203387,8,7,4,3
203903,203903,8,7,4,3
204411,204411,8,7,4,3
204923,204923,8,7,4,3
205440,205440,8,7,4,3
205958,205958,8,7,4,3
206483,206483,8,7,4,3
207008,207008,8,7,4,3
207533,207533,8,7,4,3
208050,208050,8,7,4,3
208568,208568,8,7,4,3
209076,209076,8,7,4,3
209594,209594,8,7,4,3
210116,210116,8,7,4,3
210642,210642,8,7,4,3
211152,211152,8,7,4,3
211690,211690,8,7,4,3
212204,212204,8,7,4,3
212724,212724,8,7,4,3
213235,213235,8,7,4,3
213765,213765,8,7,4,3
214278,214278,8,7,4,3
214812,214812,8,7,4,3
215340,215340,8,7,4,3
215874,215874,8,7,4,3
216399,216399,8,7,4,3
216913,216913,8,7,4,3
217429,217429,8,7,4,3
217952,217952,8,7,4,3
218483,218483,8,7,4,3
219028,219028,8,7,4,3
219559,219559,8,7,4,3
220095,220095,8,7,4,3
220618,220618,8,7,4,3
221151,221151,8,7,4,3
221677,221677,8,7,4,3
222217,222217,8,7,4,3
222751,222751,8,7,4,3
223287,223287,8,7,4,3
223841,223841,8,7,4,3
224366,224366,8,7,4,3
224902,224902,8,7,4,3
225409,225409,8,7,4,3
225948,225948,8,7,4,3
226492,226492,8,7,4,3
227033,227033,8,7,4,3
227561,227561,8,7,4,3
228109,228109,8,7,4,3
228647,228647,8,7,4,3
229167,229167,8,7,4,3
229700,229700,8,7,4,3
230242,230242,8,7,4,3
230783,230783,8,7,4,3
231325,231325,8,7,4,3
231853,231853,8,7,4,3
232395,232395,8,7,4,3
232929,232929,8,7,4,3
233450,233450,8,7,4,3
233981,233981,6,9,4,3
234513,234513,6,9,4,3
235047,235047,6,9,4,3
235581,235581,6,9,4,3
236124,236124,6,9,4,3
236656,236656,6,9,4,3
237173,237173,6,9,4,3
237699,237699,6,9,4,3
238224,238224,6,9,4,3
238755,238755,6,9,4,3
239295,239295,6,9,4,3
239819,239819,6,9,4,3
240347,240347,6,9,4,3
240860,240860,6,9,4,3
241385,241385,6,9,4,3
241893,241893,6,9,4,3
242411,242411,6,9,4,3
242928,242928,6,9,4,3
243467,243467,6,9,4,3
243987,243987,6,9,4,3
244501,244501,6,9,4,3
245023,245023,6,9,4,3
245538,245538,6,9,4,3
246054,246054,6,9,4,3
246576,246576,6,9,4,3
247094,247094,6,9,4,3
247627,247627,6,9,4,3
248145,248145,6,9,4,3
248659,248659,6,9,4,3
249182,249182,6,9,4,3
249692,249692,6,9,4,3
250202,250202,6,9,4,3
250716,250716,6,9,4,3
251245,251245,6,9,4,3
251760,251760,6,9,4,3
252296,252296,6,9,4,3
252819,252819,6,9,4,3
253352,253352,6,9,4,3
253864,253864,6,9,4,3
254403,254403,6,9,4,3
254932,254932,6,9,4,3
255460,255460,6,9,4,3
255996,255996,6,9,4,3
256536,256536,6,9,4,3
257059,257059,6,9,4,3
257594,257594,6,9,4,3
258114,258114,6,9,4,3
258644,258644,6,9,4,3
259179,259179,6,9,4,3
259723,259723,6,9,4,3
260268,260268,6,9,4,3
260820,260820,6,9,4,3
261371,261371,6,9,4,3
261904,261904,6,9,4,3
303,303,6,9,4,3
862,862,6,9,4,3
1418,1418,6,9,4,3
1986,1986,6,9,4,3
2536,2536,6,9,4,3
3101,3101,6,9,4,3
3655,3655,6,9,4,3
4195,4195,6,9,4,3
4766,4766,4,11,4,3
5322,5322,4,11,4,3
5889,5889,4,11,4,3
6454,6454,4,11,4,3
7038,7038,4,11,4,3
7595,7595,4,11,4,3
8156,8156,4,11,4,3
8730,8730,4,11,4,3
9303,9303,4,11,4,3
9882,9882,4,11,4,3
10460,10460,4,11,4,3
11034,11034,4,11,4,3
11604,11604,4,11,4,3
12163,12163,4,11,4,3
12727,12727,4,11,4,3
13296,13296,4,11,4,3
13868,13868,4,11,4,3
14449,14449,4,11,4,3
15028,15028,4,11,4,3
15591,15591,4,11,4,3
16161,16161,4,11,4,3
16733,16733,4,11,4,3
17306,17306,4,11,4,3
17878,17878,4,11,4,3
18464,18464,4,11,4,3
19030,19030,4,11,4,3
19605,19605,4,11,4,3
20164,20164,4,11,4,3
20716,20716,4,11,4,3
21292,21292,4,11,4,3
21868,21868,4,11,4,3
22424,22424,4,11,4,3
23001,23001,4,11,4,3
23573,23573,4,11,4,3
24142,24142,4,11,4,3
24698,24698,4,11,4,3
25261,25261,4,11,4,3
25829,25829,4,11,4,3
26406,26406,4,11,4,3
26963,26963,4,11,4,3
27540,27540,4,11,4,3
28089,28089,4,11,4,3
28634,28634,4,11,4,3
29176,29176,4,11,4,3
29735,29735,4,11,4,3
30301,30301,4,11,4,3
30857,30857,4,11,4,3
31415,31415,4,11,4,3
31973,31973,4,11,4,3
32511,32511,4,11,4,3
33063,33063,4,11,4,3
33607,33607,4,11,4,3
34170,34170,4,11,4,3
34723,34723,4,11,4,3
35266,35266,4,11,4,3
35808,35808,4,11,4,3
36346,36346,4,11,4,3
36867,36867,4,11,4,3
37419,37419,2,13,4,3
37961,37961,2,13,4,3
38508,38508,2,13,4,3
39051,39051,2,13,4,3
39594,39594,2,13,4,3
40135,40135,2,13,4,3
40674,40674,2,13,4,3
41216,41216,2,13,4,3
41749,41749,2,13,4,3
42287,42287,2,13,4,3
42831,42831,2,13,4,3
43368,43368,2,13,4,3
43909,43909,2,13,4,3
44445,44445,2,13,4,3
44971,44971,2,13,4,3
45492,45492,2,13,4,3
46025,46025,2,13,4,3
46558,46558,2,13,4,3
47100,47100,2,13,4,3
47637,47637,2,13,4,3
48170,48170,2,13,4,3
48701,48701,2,13,4,3
49223,49223,2,13,4,3
49764,49764,2,13,4,3
50295,50295,2,13,4,3
50820,50820,2,13,4,3
51364,51364,2,13,4,3
51887,51887,2,13,4,3
52419,52419,2,13,4,3
52938,52938,2,13,4,3
53446,53446,2,13,4,3
53979,53979,2,13,4,3
54501,54501,2,13,4,3
55032,55032,2,13,4,3
55570,55570,2,13,4,3
56103,56103,2,13,4,3
56620,56620,2,13,4,3
57132,57132,2,13,4,3
57668,57668,2,13,4,3
58194,58194,2,13,4,3
58713,58713,2,13,4,3
59255,59255,2,13,4,3
59780,59780,2,13,4,3
60303,60303,2,13,4,3
60808,60808,2,13,4,3
61321,61321,2,13,4,3
61826,61826,2,13,4,3
62347,62347,2,13,4,3
62859,62859,2,13,4,3
63384,63384,2,13,4,3
63892,63892,2,13,4,3
64403,64403,2,13,4,3
64911,64911,2,13,4,3
65427,65427,2,13,4,3
65929,65929,2,13,4,3
66451,66451,2,13,4,3
66945,66945,2,13,4,3
67461,67461,2,13,4,3
67978,67978,2,13,4,3
68474,68474,2,13,4,3
68973,68973,2,13,4,3
69461,69461,2,13,4,3
69965,69965,0,15,4,3
70460,70460,0,15,4,3
70957,70957,0,15,4,3
71456,71456,0,15,4,3
71957,71957,0,15,4,3
72470,72470,0,15,4,3
72950,72950,0,15,4,3
73458,73458,0,15,4,3
73937,73937,0,15,4,3
74432,74432,0,15,4,3
74936,74936,0,15,4,3
75433,75433,0,15,4,3
75920,75920,0,15,4,3
76416,76416,0,15,4,3
76913,76913,0,15,4,3
77388,77388,0,15,4,3
77859,77859,0,15,4,3
78344,78344,0,15,4,3
78830,78830,0,15,4,3
79308,79308,0,15,4,3
79809,79809,0,15,4,3
80287,80287,0,15,4,3
80772,80772,0,15,4,3
81260,81260,0,15,4,3
81742,81742,0,15,4,3
82222,82222,0,15,4,3
82700,82700,0,15,4,3
83187,83187,0,15,4,3
83674,83674,0,15,4,3
84152,84152,0,15,4,3
84646,84646,0,15,4,3
85110,85110,0,15,4,3
85583,85583,0,15,4,3
86044,86044,0,15,4,3
86518,86518,0,15,4,3
86993,86993,0,15,4,3
87464,87464,0,15,4,3
87934,87934,0,15,4,3
88409,88409,0,15,4,3
88875,88875,0,15,4,3
89355,89355,0,15,4,3
89809,89809,0,15,4,3
90270,90270,0,15,4,3
90751,90751,0,15,4,3
91215,91215,0,15,4,3
91687,91687,0,15,4,3
92158,92158,0,15,4,3
92629,92629,0,15,4,3
93093,93093,0,15,4,3
93564,93564,0,15,4,3
94005,94005,0,15,4,3
94464,94464,0,15,4,3
94923,94923,0,15,4,3
95375,95375,0,15,4,3
95849,95849,0,15,4,3
96300,96300,0,15,4,3
96769,96769,0,15,4,3
97224,97224,0,15,4,3
97678,97678,0,15,4,3
98127,98127,0,15,4,3
98585,98585,0,15,4,3
99041,99041,0,15,4,3
99493,99493,0,15,4,3
99959,99959,0,15,4,3
100412,100412,0,15,4,3
100868,100868,0,15,4,3
101323,101323,0,15,4,3
101769,101769,0,15,4,3
102209,102209,0,15,4,3
102654,102654,14,1,3,4
103103,103103,14,1,3,4
103544,103544,14,1,3,4
104008,104008,14,1,3,4
104467,104467,14,1,3,4
104917,104917,14,1,3,4
105375,105375,14,1,3,4
105828,105828,14,1,3,4
106272,106272,14,1,3,4
106720,106720,14,1,3,4
107178,107178,14,1,3,4
107640,107640,14,1,3,4
108107,108107,14,1,3,4
108565,108565,14,1,3,4
109025,109025,14,1,3,4
109485,109485,14,1,3,4
109954,109954,14,1,3,4
110398,110398,14,1,3,4
110845,110845,14,1,3,4
111322,111322,14,1,3,4
111776,111776,14,1,3,4
112262,112262,14,1,3,4
112734,112734,14,1,3,4
113207,113207,14,1,3,4
113684,113684,14,1,3,4
114168,114168,14,1,3,4
114643,114643,14,1,3,4
115118,115118,14,1,3,4
115619,115619,14,1,3,4
116129,116129,14,1,3,4
116616,116616,14,1,3,4
117123,117123,14,1,3,4
117624,117624,14,1,3,4
118116,118116,14,1,3,4
118615,118615,14,1,3,4
119105,119105,14,1,3,4
119618,119618,14,1,3,4
120131,120131,14,1,3,4
120653,120653,14,1,3,4
121161,121161,14,1,3,4
121693,121693,14,1,3,4
122206,122206,14,1,3,4
122722,122722,14,1,3,4
123244,123244,14,1,3,4
123767,123767,14,1,3,4
124294,124294,14,1,3,4
124831,124831,14,1,3,4
125372,125372,14,1,3,4
125901,125901,14,1,3,4
126426,126426,14,1,3,4
126951,126951,14,1,3,4
127482,127482,14,1,3,4
128012,128012,14,1,3,4
128542,128542,14,1,3,4
129087,129087,14,1,3,4
129622,129622,14,1,3,4
130161,130161,14,1,3,4
130688,130688,14,1,3,4
131224,131224,14,1,3,4
131755,131755,14,1,3,4
132282,132282,14,1,3,4
132836,132836,14,1,3,4
133376,133376,14,1,3,4
133912,133912,14,1,3,4
134443,134443,14,1,3,4
134960,134960,14,1,3,4
135498,135498,12,3,3,4
136021,136021,12,3,3,4
136556,136556,12,3,3,4
137102,137102,12,3,3,4
137630,137630,12,3,3,4
138162,138162,12,3,3,4
138692,138692,12,3,3,4
139212,139212,12,3,3,4
139737,139737,12,3,3,4
140276,140276,12,3,3,4
140799,140799,12,3,3,4
141334,141334,12,3,3,4
141870,141870,12,3,3,4
142381,142381,12,3,3,4
142906,142906,12,3,3,4
143415,143415,12,3,3,4
143934,143934,12,3,3,4
144467,144467,12,3,3,4
144982,144982,12,3,3,4
145523,145523,12,3,3,4
146043,146043,12,3,3,4
146565,146565,12,3,3,4
147090,147090,12,3,3,4
147602,147602,12,3,3,4
148131,148131,12,3,3,4
148654,148654,12,3,3,4
149179,149179,12,3,3,4
149715,149715,12,3,3,4
150237,150237,12,3,3,4
150755,150755,12,3,3,4
151278,151278,12,3,3,4
151804,151804,12,3,3,4
152310,152310,12,3,3,4
152849,152849,12,3,3,4
153376,153376,12,3,3,4
153895,153895,12,3,3,4
154439,154439,12,3,3,4
154952,154952,12,3,3,4
155482,155482,12,3,3,4
156011,156011,12,3,3,4
156542,156542,12,3,3,4
157078,157078,12,3,3,4
157627,157627,12,3,3,4
158161,158161,12,3,3,4
158697,158697,12,3,3,4
159227,159227,12,3,3,4
159749,159749,12,3,3,4
160294,160294,12,3,3,4
160826,160826,12,3,3,4
161367,161367,12,3,3,4
161904,161904,12,3,3,4
162455,162455,12,3,3,4
162999,162999,12,3,3,4
163532,163532,12,3,3,4
164070,164070,12,3,3,4
164621,164621,12,3,3,4
165167,165167,12,3,3,4
165707,165707,12,3,3,4
166259,166259,12,3,3,4
166817,166817,12,3,3,4
167365,167365,12,3,3,4
167897,167897,12,3,3,4
168441,168441,10,5,3,4
168993,168993,10,5,3,4
169543,169543,10,5,3,4
170101,170101,10,5,3,4
170657,170657,10,5,3,4
171207,171207,10,5,3,4
171756,171756,10,5,3,4
172303,172303,10,5,3,4
172861,172861,10,5,3,4
173414,173414,10,5,3,4
173972,173972,10,5,3,4
174529,174529,10,5,3,4
175089,175089,10,5,3,4
175646,175646,10,5,3,4
176185,176185,10,5,3,4
176734,176734,10,5,3,4
177297,177297,10,5,3,4
177852,177852,10,5,3,4
178416,178416,10,5,3,4
178983,178983,10,5,3,4
179536,179536,10,5,3,4
180081,180081,10,5,3,4
180635,180635,10,5,3,4
181188,181188,10,5,3,4
181771,181771,10,5,3,4
182327,182327,10,5,3,4
182893,182893,10,5,3,4
183438,183438,10,5,3,4
184003,184003,10,5,3,4
184560,184560,10,5,3,4
185114,185114,10,5,3,4
185682,185682,10,5,3,4
186245,186245,10,5,3,4
186810,186810,10,5,3,4
187386,187386,10,5,3,4
187941,187941,10,5,3,4
188496,188496,10,5,3,4
189057,189057,10,5,3,4
189624,189624,10,5,3,4
190193,190193,10,5,3,4
190775,190775,10,5,3,4
191332,191332,10,5,3,4
191910,191910,10,5,3,4
192453,192453,10,5,3,4
193006,193006,10,5,3,4
193572,193572,10,5,3,4
194137,194137,10,5,3,4
194708,194708,10,5,3,4
195273,195273,10,5,3,4
195840,195840,10,5,3,4
196401,196401,10,5,3,4
196959,196959,10,5,3,4
197524,197524,10,5,3,4
198077,198077,10,5,3,4
198649,198649,10,5,3,4
199222,199222,10,5,3,4
199774,199774,10,5,3,4
200341,200341,10,5,3,4
200897,200897,8,7,3,4
201446,201446,8,7,3,4
202018,202018,8,7,3,4
202574,202574,8,7,3,4
203121,203121,8,7,3,4
203691,203691,8,7,3,4
204245,204245,8,7,3,4
204793,204793,8,7,3,4
205344,205344,8,7,3,4
205904,205904,8,7,3,4
206459,206459,8,7,3,4
207020,207020,8,7,3,4
207565,207565,8,7,3,4
208126,208126,8,7,3,4
208668,208668,8,7,3,4
209199,209199,8,7,3,4
209753,209753,8,7,3,4
210313,210313,8,7,3,4
210857,210857,8,7,3,4
211412,211412,8,7,3,4
211957,211957,8,7,3,4
212500,212500,8,7,3,4
213028,213028,8,7,3,4
213575,213575,8,7,3,4
214132,214132,8,7,3,4
214672,214672,8,7,3,4
215221,215221,8,7,3,4
215772,215772,8,7,3,4
216307,216307,8,7,3,4
216840,216840,8,7,3,4
217381,217381,8,7,3,4
217927,217927,8,7,3,4
218469,218469,8,7,3,4
219011,219011,8,7,3,4
219557,219557,8,7,3,4
220101,220101,8,7,3,4
220647,220647,8,7,3,4
221169,221169,8,7,3,4
221703,221703,8,7,3,4
222244,222244,8,7,3,4
222788,222788,8,7,3,4
223329,223329,8,7,3,4
223869,223869,8,7,3,4
224397,224397,8,7,3,4
224920,224920,8,7,3,4
225445,225445,8,7,3,4
225980,225980,8,7,3,4
226514,226514,8,7,3,4
227060,227060,8,7,3,4
227592,227592,8,7,3,4
228130,228130,8,7,3,4
228666,228666,8,7,3,4
229200,229200,8,7,3,4
229736,229736,8,7,3,4
230267,230267,8,7,3,4
230817,230817,8,7,3,4
231352,231352,8,7,3,4
231898,231898,8,7,3,4
232445,232445,8,7,3,4
232966,232966,8,7,3,4
233499,233499,8,7,3,4
234038,234038,6,9,3,4
234574,234574,6,9,3,4
235120,235120,6,9,3,4
235666,235666,6,9,3,4
236218,236218,6,9,3,4
236752,236752,6,9,3,4
237287,237287,6,9,3,4
237825,237825,6,9,3,4
238372,238372,6,9,3,4
238917,238917,6,9,3,4
239457,239457,6,9,3,4
240001,240001,6,9,3,4
240553,240553,6,9,3,4
241084,241084,6,9,3,4
241620,241620,6,9,3,4
242155,242155,6,9,3,4
242689,242689,6,9,3,4
243235,243235,6,9,3,4
243776,243776,6,9,3,4
244317,244317,6,9,3,4
244855,244855,6,9,3,4
245393,245393,6,9,3,4
245936,245936,6,9,3,4
246454,246454,6,9,3,4
247009,247009,6,9,3,4
247541,247541,6,9,3,4
248085,248085,6,9,3,4
248630,248630,6,9,3,4
249158,249158,6,9,3,4
249675,249675,6,9,3,4
250205,250205,6,9,3,4
250735,250735,6,9,3,4
251270,251270,6,9,3,4
251797,251797,6,9,3,4
252334,252334,6,9,3,4
252854,252854,6,9,3,4
253374,253374,6,9,3,4
253884,253884,6,9,3,4
254404,254404,6,9,3,4
254937,254937,6,9,3,4
255451,255451,6,9,3,4
255967,255967,6,9,3,4
256473,256473,6,9,3,4
256986,256986,6,9,3,4
257495,257495,6,9,3,4
257978,257978,6,9,3,4
258484,258484,6,9,3,4
258988,258988,6,9,3,4
259482,259482,6,9,3,4
259988,259988,6,9,3,4
260476,260476,6,9,3,4
260979,260979,6,9,3,4
261469,261469,6,9,3,4
261953,261953,6,9,3,4
288,288,6,9,3,4
779,779,6,9,3,4
1271,1271,6,9,3,4
1768,1768,6,9,3,4
2248,2248,6,9,3,4
2737,2737,6,9,3,4
3218,3218,6,9,3,4
3693,3693,6,9,3,4
4158,4158,6,9,3,4
4633,4633,4,11,3,4
5106,5106,4,11,3,4
5590,5590,4,11,3,4
6064,6064,4,11,3,4
6540,6540,4,11,3,4
7015,7015,4,11,3,4
7486,7486,4,11,3,4
7955,7955,4,11,3,4
8419,8419,4,11,3,4
8897,8897,4,11,3,4
9370,9370,4,11,3,4
9844,9844,4,11,3,4
10328,10328,4,11,3,4
10808,10808,4,11,3,4
11268,11268,4,11,3,4
11743,11743,4,11,3,4
12201,12201,4,11,3,4
12659,12659,4,11,3,4
13138,13138,4,11,3,4
13617,13617,4,11,3,4
14095,14095,4,11,3,4
14572,14572,4,11,3,4
15049,15049,4,11,3,4
15524,15524,4,11,3,4
15998,15998,4,11,3,4
16467,16467,4,11,3,4
16937,16937,4,11,3,4
17423,17423,4,11,3,4
17916,17916,4,11,3,4
18389,18389,4,11,3,4
18874,18874,4,11,3,4
19358,19358,4,11,3,4
19848,19848,4,11,3,4
20310,20310,4,11,3,4
20785,20785,4,11,3,4
21272,21272,4,11,3,4
21758,21758,4,11,3,4
22246,22246,4,11,3,4
22733,22733,4,11,3,4
23230,23230,4,11,3,4
23712,23712,4,11,3,4
24203,24203,4,11,3,4
24673,24673,4,11,3,4
25159,25159,4,11,3,4
25656,25656,4,11,3,4
26157,26157,4,11,3,4
26650,26650,4,11,3,4
27135,27135,4,11,3,4
27623,27623,4,11,3,4
28112,28112,4,11,3,4
28588,28588,4,11,3,4
29071,29071,4,11,3,4
29556,29556,4,11,3,4
30055,30055,4,11,3,4
30542,30542,4,11,3,4
31036,31036,4,11,3,4
31529,31529,4,11,3,4
32020,32020,4,11,3,4
32504,32504,4,11,3,4
32986,32986,4,11,3,4
33480,33480,4,11,3,4
33972,33972,4,11,3,4
34462,34462,4,11,3,4
34958,34958,4,11,3,4
35453,35453,4,11,3,4
35937,35937,4,11,3,4
36427,36427,4,11,3,4
36896,36896,4,11,3,4
37381,37381,2,13,3,4
37874,37874,2,13,3,4
38357,38357,2,13,3,4
38848,38848,2,13,3,4
39339,39339,2,13,3,4
39824,39824,2,13,3,4
40318,40318,2,13,3,4
40798,40798,2,13,3,4
41278,41278,2,13,3,4
41765,41765,2,13,3,4
42259,42259,2,13,3,4
42754,42754,2,13,3,4
43249,43249,2,13,3,4
43743,43743,2,13,3,4
44236,44236,2,13,3,4
44715,44715,2,13,3,4
45189,45189,2,13,3,4
45676,45676,2,13,3,4
46173,46173,2,13,3,4
46666,46666,2,13,3,4
47170,47170,2,13,3,4
47663,47663,2,13,3,4
48164,48164,2,13,3,4
48660,48660,2,13,3,4
49155,49155,2,13,3,4
49656,49656,2,13,3,4
50157,50157,2,13,3,4
50665,50665,2,13,3,4
51160,51160,2,13,3,4
51677,51677,2,13,3,4
52170,52170,2,13,3,4
52677,52677,2,13,3,4
53165,53165,2,13,3,4
53676,53676,2,13,3,4
54178,54178,2,13,3,4
54680,54680,2,13,3,4
55185,55185,2,13,3,4
55698,55698,2,13,3,4
56202,56202,2,13,3,4
56707,56707,2,13,3,4
57211,57211,2,13,3,4
57695,57695,2,13,3,4
58214,58214,2,13,3,4
58715,58715,2,13,3,4
59223,59223,2,13,3,4
59726,59726,2,13,3,4
60232,60232,2,13,3,4
60732,60732,2,13,3,4
61221,61221,2,13,3,4
61713,61713,2,13,3,4
62210,62210,2,13,3,4
62699,62699,2,13,3,4
63212,63212,2,13,3,4
63716,63716,2,13,3,4
64210,64210,2,13,3,4
64709,64709,2,13,3,4
65191,65191,2,13,3,4
65688,65688,2,13,3,4
66179,66179,2,13,3,4
66669,66669,2,13,3,4
67173,67173,2,13,3,4
67670,67670,2,13,3,4
68170,68170,2,13,3,4
68662,68662,2,13,3,4
69152,69152,2,13,3,4
69625,69625,2,13,3,4
70113,70113,0,15,3,4
70606,70606,0,15,3,4
71091,71091,0,15,3,4
71595,71595,0,15,3,4
72084,72084,0,15,3,4
72587,72587,0,15,3,4
73078,73078,0,15,3,4
73563,73563,0,15,3,4
74052,74052,0,15,3,4
74543,74543,0,15,3,4
75048,75048,0,15,3,4
75549,75549,0,15,3,4
76056,76056,0,15,3,4
76555,76555,0,15,3,4
77046,77046,0,15,3,4
77534,77534,0,15,3,4
78035,78035,0,15,3,4
78531,78531,0,15,3,4
79033,79033,0,15,3,4
79546,79546,0,15,3,4
80050,80050,0,15,3,4
80554,80554,0,15,3,4
81062,81062,0,15,3,4
81578,81578,0,15,3,4
82081,82081,0,15,3,4
82590,82590,0,15,3,4
83115,83115,0,15,3,4
83630,83630,0,15,3,4
84163,84163,0,15,3,4
84681,84681,0,15,3,4
85211,85211,0,15,3,4
85724,85724,0,15,3,4
86236,86236,0,15,3,4
86763,86763,0,15,3,4
87300,87300,0,15,3,4
87835,87835,0,15,3,4
88374,88374,0,15,3,4
88908,88908,0,15,3,4
89443,89443,0,15,3,4
89978,89978,0,15,3,4
90510,90510,0,15,3,4
91055,91055,0,15,3,4
91607,91607,0,15,3,4
92163,92163,0,15,3,4
92705,92705,0,15,3,4
93256,93256,0,15,3,4
93798,93798,0,15,3,4
94337,94337,0,15,3,4
94885,94885,0,15,3,4
95428,95428,0,15,3,4
95994,95994,0,15,3,4
96554,96554,0,15,3,4
97113,97113,0,15,3,4
97668,97668,0,15,3,4
98221,98221,0,15,3,4
98770,98770,0,15,3,4
99335,99335,0,15,3,4
99897,99897,0,15,3,4
100463,100463,0,15,3,4
101011,101011,0,15,3,4
101576,101576,0,15,3,4
102123,102123,0,15,3,4
102667,102667,14,1,2,5
103220,103220,14,1,2,5
103777,103777,14,1,2,5
104347,104347,14,1,2,5
104895,104895,14,1,2,5
105463,105463,14,1,2,5
106017,106017,14,1,2,5
106555,106555,14,1,2,5
107116,107116,14,1,2,5
107676,107676,14,1,2,5
108244,108244,14,1,2,5
108810,108810,14,1,2,5
109364,109364,14,1,2,5
109922,109922,14,1,2,5
110453,110453,14,1,2,5
111001,111001,14,1,2,5
111557,111557,14,1,2,5
112119,112119,14,1,2,5
112666,112666,14,1,2,5
113217,113217,14,1,2,5
113776,113776,14,1,2,5
114326,114326,14,1,2,5
114873,114873,14,1,2,5
115423,115423,14,1,2,5
115973,115973,14,1,2,5
116538,116538,14,1,2,5
117104,117104,14,1,2,5
117648,117648,14,1,2,5
118195,118195,14,1,2,5
118725,118725,14,1,2,5
119279,119279,14,1,2,5
119821,119821,14,1,2,5
120370,120370,14,1,2,5
120928,120928,14,1,2,5
121480,121480,14,1,2,5
122013,122013,14,1,2,5
122565,122565,14,1,2,5
123115,123115,14,1,2,5
123657,123657,14,1,2,5
124214,124214,14,1,2,5
124777,124777,14,1,2,5
125332,125332,14,1,2,5
125877,125877,14,1,2,5
126430,126430,14,1,2,5
126963,126963,14,1,2,5
127505,127505,14,1,2,5
128056,128056,14,1,2,5
128612,128612,14,1,2,5
129159,129159,14,1,2,5
129713,129713,14,1,2,5
130271,130271,14,1,2,5
130821,130821,14,1,2,5
131370,131370,14,1,2,5
131925,131925,14,1,2,5
132483,132483,14,1,2,5
133047,133047,14,1,2,5
133622,133622,14,1,2,5
134182,134182,14,1,2,5
134728,134728,14,1,2,5
135278,135278,14,1,2,5
135838,135838,12,3,2,5
136399,136399,12,3,2,5
136963,136963,12,3,2,5
137539,137539,12,3,2,5
138091,138091,12,3,2,5
138664,138664,12,3,2,5
139219,139219,12,3,2,5
139777,139777,12,3,2,5
140353,140353,12,3,2,5
140927,140927,12,3,2,5
141501,141501,12,3,2,5
142072,142072,12,3,2,5
142640,142640,12,3,2,5
143211,143211,12,3,2,5
143796,143796,12,3,2,5
144374,144374,12,3,2,5
144967,144967,12,3,2,5
145554,145554,12,3,2,5
146142,146142,12,3,2,5
146720,146720,12,3,2,5
147282,147282,12,3,2,5
147863,147863,12,3,2,5
148439,148439,12,3,2,5
149010,149010,12,3,2,5
149590,149590,12,3,2,5
150161,150161,12,3,2,5
150717,150717,12,3,2,5
151270,151270,12,3,2,5
151823,151823,12,3,2,5
152381,152381,12,3,2,5
152954,152954,12,3,2,5
153534,153534,12,3,2,5
154104,154104,12,3,2,5
154672,154672,12,3,2,5
155246,155246,12,3,2,5
155809,155809,12,3,2,5
156368,156368,12,3,2,5
156940,156940,12,3,2,5
157496,157496,12,3,2,5
158062,158062,12,3,2,5
158602,158602,12,3,2,5
159143,159143,12,3,2,5
159668,159668,12,3,2,5
160210,160210,12,3,2,5
160737,160737,12,3,2,5
161274,161274,12,3,2,5
161818,161818,12,3,2,5
162365,162365,12,3,2,5
162902,162902,12,3,2,5
163429,163429,12,3,2,5
163968,163968,12,3,2,5
164502,164502,12,3,2,5
165050,165050,12,3,2,5
165581,165581,12,3,2,5
166117,166117,12,3,2,5
166656,166656,12,3,2,5
167187,167187,12,3,2,5
167696,167696,12,3,2,5
168220,168220,10,5,2,5
168737,168737,10,5,2,5
169260,169260,10,5,2,5
169787,169787,10,5,2,5
170306,170306,10,5,2,5
170833,170833,10,5,2,5
171353,171353,10,5,2,5
171863,171863,10,5,2,5
172378,172378,10,5,2,5
172899,172899,10,5,2,5
173419,173419,10,5,2,5
173931,173931,10,5,2,5
174460,174460,10,5,2,5
174956,174956,10,5,2,5
175480,175480,10,5,2,5
175966,175966,10,5,2,5
176473,176473,10,5,2,5
176980,176980,10,5,2,5
177484,177484,10,5,2,5
177986,177986,10,5,2,5
178484,178484,10,5,2,5
178991,178991,10,5,2,5
179494,179494,10,5,2,5
179983,179983,10,5,2,5
180469,180469,10,5,2,5
180961,180961,10,5,2,5
181449,181449,10,5,2,5
181949,181949,10,5,2,5
182429,182429,10,5,2,5
182928,182928,10,5,2,5
183400,183400,10,5,2,5
183879,183879,10,5,2,5
184352,184352,10,5,2,5
184828,184828,10,5,2,5
185300,185300,10,5,2,5
185778,185778,10,5,2,5
186254,186254,10,5,2,5
186729,186729,10,5,2,5
187201,187201,10,5,2,5
187676,187676,10,5,2,5
188134,188134,10,5,2,5
188595,188595,10,5,2,5
189058,189058,10,5,2,5
189530,189530,10,5,2,5
190000,190000,10,5,2,5
190463,190463,10,5,2,5
190928,190928,10,5,2,5
191391,191391,10,5,2,5
191854,191854,10,5,2,5
192297,192297,10,5,2,5
192745,192745,10,5,2,5
193208,193208,10,5,2,5
193663,193663,10,5,2,5
194131,194131,10,5,2,5
194590,194590,10,5,2,5
195044,195044,10,5,2,5
195508,195508,10,5,2,5
195972,195972,10,5,2,5
196418,196418,10,5,2,5
196874,196874,10,5,2,5
197333,197333,10,5,2,5
197791,197791,10,5,2,5
198259,198259,10,5,2,5
198722,198722,10,5,2,5
199193,199193,10,5,2,5
199644,199644,10,5,2,5
200107,200107,10,5,2,5
200543,200543,10,5,2,5
201010,201010,8,7,2,5
201474,201474,8,7,2,5
201949,201949,8,7,2,5
202416,202416,8,7,2,5
202890,202890,8,7,2,5
203364,203364,8,7,2,5
203829,203829,8,7,2,5
204306,204306,8,7,2,5
204777,204777,8,7,2,5
205245,205245,8,7,2,5
205726,205726,8,7,2,5
206208,206208,8,7,2,5
206695,206695,8,7,2,5
207173,207173,8,7,2,5
207667,207667,8,7,2,5
208142,208142,8,7,2,5
208612,208612,8,7,2,5
209087,209087,8,7,2,5
209574,209574,8,7,2,5
210059,210059,8,7,2,5
210545,210545,8,7,2,5
211041,211041,8,7,2,5
211556,211556,8,7,2,5
212041,212041,8,7,2,5
212529,212529,8,7,2,5
213020,213020,8,7,2,5
213508,213508,8,7,2,5
214019,214019,8,7,2,5
214526,214526,8,7,2,5
215013,215013,8,7,2,5
215522,215522,8,7,2,5
216012,216012,8,7,2,5
216503,216503,8,7,2,5
216985,216985,8,7,2,5
217483,217483,8,7,2,5
217970,217970,8,7,2,5
218471,218471,8,7,2,5
218970,218970,8,7,2,5
219464,219464,8,7,2,5
219969,219969,8,7,2,5
220460,220460,8,7,2,5
220953,220953,8,7,2,5
221446,221446,8,7,2,5
221939,221939,8,7,2,5
222436,222436,8,7,2,5
222929,222929,8,7,2,5
223425,223425,8,7,2,5
223920,223920,8,7,2,5
224402,224402,8,7,2,5
224893,224893,8,7,2,5
225356,225356,8,7,2,5
225844,225844,8,7,2,5
226327,226327,8,7,2,5
226813,226813,8,7,2,5
227297,227297,8,7,2,5
227789,227789,8,7,2,5
228270,228270,8,7,2,5
228743,228743,8,7,2,5
229221,229221,8,7,2,5
229697,229697,8,7,2,5
230178,230178,8,7,2,5
230651,230651,8,7,2,5
231141,231141,8,7,2,5
231619,231619,8,7,2,5
232099,232099,8,7,2,5
232568,232568,8,7,2,5
233040,233040,8,7,2,5
233503,233503,8,7,2,5
233977,233977,6,9,2,5
234443,234443,6,9,2,5
234923,234923,6,9,2,5
235407,235407,6,9,2,5
235882,235882,6,9,2,5
236366,236366,6,9,2,5
236842,236842,6,9,2,5
237307,237307,6,9,2,5
237787,237787,6,9,2,5
238265,238265,6,9,2,5
238751,238751,6,9,2,5
239241,239241,6,9,2,5
239724,239724,6,9,2,5
240205,240205,6,9,2,5
240683,240683,6,9,2,5
241171,241171,6,9,2,5
241636,241636,6,9,2,5
242116,242116,6,9,2,5
242600,242600,6,9,2,5
243082,243082,6,9,2,5
243589,243589,6,9,2,5
244086,244086,6,9,2,5
244579,244579,6,9,2,5
245074,245074,6,9,2,5
245563,245563,6,9,2,5
246060,246060,6,9,2,5
246567,246567,6,9,2,5
247066,247066,6,9,2,5
247569,247569,6,9,2,5
248080,248080,6,9,2,5
248573,248573,6,9,2,5
249072,249072,6,9,2,5
249565,249565,6,9,2,5
250061,250061,6,9,2,5
250556,250556,6,9,2,5
251071,251071,6,9,2,5
251585,251585,6,9,2,5
252106,252106,6,9,2,5
252607,252607,6,9,2,5
253126,253126,6,9,2,5
253633,253633,6,9,2,5
254136,254136,6,9,2,5
254663,254663,6,9,2,5
255184,255184,6,9,2,5
255699,255699,6,9,2,5
256231,256231,6,9,2,5
256750,256750,6,9,2,5
257260,257260,6,9,2,5
257769,257769,6,9,2,5
258272,258272,6,9,2,5
258786,258786,6,9,2,5
259319,259319,6,9,2,5
259843,259843,6,9,2,5
260369,260369,6,9,2,5
260892,260892,6,9,2,5
261413,261413,6,9,2,5
261935,261935,6,9,2,5
312,312,6,9,2,5
843,843,6,9,2,5
1360,1360,6,9,2,5
1914,1914,6,9,2,5
2431,2431,6,9,2,5
2963,2963,6,9,2,5
3483,3483,6,9,2,5
4010,4010,6,9,2,5
4522,4522,4,11,2,5
5055,5055,4,11,2,5
5587,5587,4,11,2,5
6129,6129,4,11,2,5
6667,6667,4,11,2,5
7200,7200,4,11,2,5
7740,7740,4,11,2,5
8268,8268,4,11,2,5
8806,8806,4,11,2,5
9349,9349,4,11,2,5
9885,9885,4,11,2,5
10437,10437,4,11,2,5
10972,10972,4,11,2,5
11504,11504,4,11,2,5
12028,12028,4,11,2,5
12555,12555,4,11,2,5
13093,13093,4,11,2,5
13641,13641,4,11,2,5
14196,14196,4,11,2,5
14736,14736,4,11,2,5
15274,15274,4,11,2,5
15834,15834,4,11,2,5
16372,16372,4,11,2,5
16907,16907,4,11,2,5
17457,17457,4,11,2,5
18010,18010,4,11,2,5
18562,18562,4,11,2,5
19112,19112,4,11,2,5
19650,19650,4,11,2,5
20179,20179,4,11,2,5
20716,20716,4,11,2,5
21255,21255,4,11,2,5
21807,21807,4,11,2,5
22349,22349,4,11,2,5
22900,22900,4,11,2,5
23451,23451,4,11,2,5
23997,23997,4,11,2,5
24526,24526,4,11,2,5
25074,25074,4,11,2,5
25627,25627,4,11,2,5
26176,26176,4,11,2,5
26724,26724,4,11,2,5
27262,27262,4,11,2,5
27798,27798,4,11,2,5
28331,28331,4,11,2,5
28857,28857,4,11,2,5
29395,29395,4,11,2,5
29937,29937,4,11,2,5
30474,30474,4,11,2,5
31008,31008,4,11,2,5
31559,31559,4,11,2,5
32105,32105,4,11,2,5
32624,32624,4,11,2,5
33161,33161,4,11,2,5
33696,33696,4,11,2,5
34237,34237,4,11,2,5
34771,34771,4,11,2,5
35317,35317,4,11,2,5
35835,35835,4,11,2,5
36373,36373,4,11,2,5
36893,36893,4,11,2,5
37417,37417,2,13,2,5
37944,37944,2,13,2,5
38481,38481,2,13,2,5
39026,39026,2,13,2,5
39556,39556,2,13,2,5
40090,40090,2,13,2,5
40626,40626,2,13,2,5
41158,41158,2,13,2,5
41693,41693,2,13,2,5
42226,42226,2,13,2,5
42767,42767,2,13,2,5
43297,43297,2,13,2,5
43825,43825,2,13,2,5
44354,44354,2,13,2,5
44873,44873,2,13,2,5
45396,45396,2,13,2,5
45926,45926,2,13,2,5
46464,46464,2,13,2,5
47001,47001,2,13,2,5
47528,47528,2,13,2,5
48070,48070,2,13,2,5
48607,48607,2,13,2,5
49139,49139,2,13,2,5
49679,49679,2,13,2,5
50219,50219,2,13,2,5
50757,50757,2,13,2,5
51304,51304,2,13,2,5
51839,51839,2,13,2,5
52371,52371,2,13,2,5
52912,52912,2,13,2,5
53442,53442,2,13,2,5
53987,53987,2,13,2,5
54528,54528,2,13,2,5
55068,55068,2,13,2,5
55631,55631,2,13,2,5
56180,56180,2,13,2,5
56727,56727,2,13,2,5
57278,57278,2,13,2,5
57832,57832,2,13,2,5
58380,58380,2,13,2,5
58942,58942,2,13,2,5
59509,59509,2,13,2,5
60066,60066,2,13,2,5
60623,60623,2,13,2,5
61178,61178,2,13,2,5
61725,61725,2,13,2,5
62297,62297,2,13,2,5
62857,62857,2,13,2,5
63434,63434,2,13,2,5
64001,64001,2,13,2,5
64575,64575,2,13,2,5
65141,65141,2,13,2,5
65710,65710,2,13,2,5
66292,66292,2,13,2,5
66878,66878,2,13,2,5
67453,67453,2,13,2,5
68027,68027,2,13,2,5
68609,68609,2,13,2,5
69176,69176,2,13,2,5
69741,69741,2,13,2,5
70314,70314,0,15,2,5
70898,70898,0,15,2,5
71480,71480,0,15,2,5
72069,72069,0,15,2,5
72656,72656,0,15,2,5
73223,73223,0,15,2,5
73809,73809,0,15,2,5
74383,74383,0,15,2,5
74975,74975,0,15,2,5
75555,75555,0,15,2,5
76135,76135,0,15,2,5
76708,76708,0,15,2,5
77279,77279,0,15,2,5
77835,77835,0,15,2,5
78402,78402,0,15,2,5
78965,78965,0,15,2,5
79545,79545,0,15,2,5
80111,80111,0,15,2,5
80681,80681,0,15,2,5
81245,81245,0,15,2,5
81801,81801,0,15,2,5
82362,82362,0,15,2,5
82916,82916,0,15,2,5
83477,83477,0,15,2,5
84044,84044,0,15,2,5
84589,84589,0,15,2,5
85132,85132,0,15,2,5
85684,85684,0,15,2,5
86213,86213,0,15,2,5
86761,86761,0,15,2,5
87293,87293,0,15,2,5
87860,87860,0,15,2,5
88389,88389,0,15,2,5
88933,88933,0,15,2,5
89465,89465,0,15,2,5
89997,89997,0,15,2,5
90524,90524,0,15,2,5
91047,91047,0,15,2,5
91587,91587,0,15,2,5
92112,92112,0,15,2,5
92641,92641,0,15,2,5
93170,93170,0,15,2,5
93679,93679,0,15,2,5
94181,94181,0,15,2,5
94698,94698,0,15,2,5
95223,95223,0,15,2,5
95739,95739,0,15,2,5
96254,96254,0,15,2,5
96781,96781,0,15,2,5
97296,97296,0,15,2,5
97810,97810,0,15,2,5
98320,98320,0,15,2,5
98831,98831,0,15,2,5
99346,99346,0,15,2,5
99867,99867,0,15,2,5
100377,100377,0,15,2,5
100888,100888,0,15,2,5
101407,101407,0,15,2,5
101917,101917,0,15,2,5
102407,102407,0,15,2,5
102919,102919,14,1,1,6
103435,103435,14,1,1,6
103954,103954,14,1,1,6
104472,104472,14,1,1,6
104994,104994,14,1,1,6
105513,105513,14,1,1,6
106025,106025,14,1,1,6
106531,106531,14,1,1,6
107039,107039,14,1,1,6
107559,107559,14,1,1,6
108077,108077,14,1,1,6
108600,108600,14,1,1,6
109109,109109,14,1,1,6
109615,109615,14,1,1,6
110126,110126,14,1,1,6
110628,110628,14,1,1,6
111126,111126,14,1,1,6
111643,111643,14,1,1,6
112164,112164,14,1,1,6
112667,112667,14,1,1,6
113189,113189,14,1,1,6
113701,113701,14,1,1,6
114211,114211,14,1,1,6
114708,114708,14,1,1,6
115209,115209,14,1,1,6
115728,115728,14,1,1,6
116228,116228,14,1,1,6
116746,116746,14,1,1,6
117249,117249,14,1,1,6
117747,117747,14,1,1,6
118243,118243,14,1,1,6
118731,118731,14,1,1,6
119221,119221,14,1,1,6
119722,119722,14,1,1,6
120217,120217,14,1,1,6
120715,120715,14,1,1,6
121214,121214,14,1,1,6
121710,121710,14,1,1,6
122208,122208,14,1,1,6
122695,122695,14,1,1,6
123186,123186,14,1,1,6
123680,123680,14,1,1,6
124165,124165,14,1,1,6
124670,124670,14,1,1,6
125158,125158,14,1,1,6
125647,125647,14,1,1,6
126135,126135,14,1,1,6
126615,126615,14,1,1,6
127083,127083,14,1,1,6
127570,127570,14,1,1,6
128055,128055,14,1,1,6
128540,128540,14,1,1,6
129028,129028,14,1,1,6
129523,129523,14,1,1,6
130010,130010,14,1,1,6
130493,130493,14,1,1,6
130972,130972,14,1,1,6
131459,131459,14,1,1,6
131941,131941,14,1,1,6
132427,132427,14,1,1,6
132917,132917,14,1,1,6
133407,133407,14,1,1,6
133896,133896,14,1,1,6
134371,134371,14,1,1,6
134850,134850,14,1,1,6
135323,135323,14,1,1,6
135802,135802,12,3,1,6
136290,136290,12,3,1,6
136773,136773,12,3,1,6
137262,137262,12,3,1,6
137748,137748,12,3,1,6
138230,138230,12,3,1,6
138720,138720,12,3,1,6
139199,139199,12,3,1,6
139684,139684,12,3,1,6
140162,140162,12,3,1,6
140649,140649,12,3,1,6
141142,141142,12,3,1,6
141619,141619,12,3,1,6
142106,142106,12,3,1,6
142582,142582,12,3,1,6
143058,143058,12,3,1,6
143527,143527,12,3,1,6
144004,144004,12,3,1,6
144490,144490,12,3,1,6
144973,144973,12,3,1,6
145444,145444,12,3,1,6
145924,145924,12,3,1,6
146395,146395,12,3,1,6
146876,146876,12,3,1,6
147343,147343,12,3,1,6
147806,147806,12,3,1,6
148282,148282,12,3,1,6
148753,148753,12,3,1,6
149224,149224,12,3,1,6
149702,149702,12,3,1,6
150167,150167,12,3,1,6
150630,150630,12,3,1,6
151092,151092,12,3,1,6
151546,151546,12,3,1,6
151998,151998,12,3,1,6
152466,152466,12,3,1,6
152924,152924,12,3,1,6
153393,153393,12,3,1,6
153855,153855,12,3,1,6
154313,154313,12,3,1,6
154767,154767,12,3,1,6
155227,155227,12,3,1,6
155674,155674,12,3,1,6
156133,156133,12,3,1,6
156579,156579,12,3,1,6
157043,157043,12,3,1,6
157499,157499,12,3,1,6
157955,157955,12,3,1,6
158405,158405,12,3,1,6
158860,158860,12,3,1,6
159304,159304,12,3,1,6
159750,159750,12,3,1,6
160199,160199,12,3,1,6
160653,160653,12,3,1,6
161109,161109,12,3,1,6
161567,161567,12,3,1,6
162028,162028,12,3,1,6
162489,162489,12,3,1,6
162951,162951,12,3,1,6
163417,163417,12,3,1,6
163870,163870,12,3,1,6
164338,164338,12,3,1,6
164803,164803,12,3,1,6
165274,165274,12,3,1,6
165747,165747,12,3,1,6
166223,166223,12,3,1,6
166696,166696,12,3,1,6
167167,167167,12,3,1,6
167635,167635,12,3,1,6
168104,168104,12,3,1,6
168572,168572,10,5,1,6
169061,169061,10,5,1,6
169544,169544,10,5,1,6
170028,170028,10,5,1,6
170518,170518,10,5,1,6
171010,171010,10,5,1,6
171496,171496,10,5,1,6
171982,171982,10,5,1,6
172479,172479,10,5,1,6
172985,172985,10,5,1,6
173485,173485,10,5,1,6
173978,173978,10,5,1,6
174490,174490,10,5,1,6
174987,174987,10,5,1,6
175500,175500,10,5,1,6
175996,175996,10,5,1,6
176497,176497,10,5,1,6
177010,177010,10,5,1,6
177528,177528,10,5,1,6
178044,178044,10,5,1,6
178560,178560,10,5,1,6
179082,179082,10,5,1,6
179604,179604,10,5,1,6
180116,180116,10,5,1,6
180636,180636,10,5,1,6
181170,181170,10,5,1,6
181695,181695,10,5,1,6
182226,182226,10,5,1,6
182755,182755,10,5,1,6
183277,183277,10,5,1,6
183811,183811,10,5,1,6
184329,184329,10,5,1,6
184851,184851,10,5,1,6
185379,185379,10,5,1,6
185921,185921,10,5,1,6
186467,186467,10,5,1,6
186997,186997,10,5,1,6
187542,187542,10,5,1,6
188068,188068,10,5,1,6
188601,188601,10,5,1,6
189132,189132,10,5,1,6
189671,189671,10,5,1,6
190219,190219,10,5,1,6
190746,190746,10,5,1,6
191290,191290,10,5,1,6
191829,191829,10,5,1,6
192348,192348,10,5,1,6
192874,192874,10,5,1,6
193407,193407,10,5,1,6
193950,193950,10,5,1,6
194483,194483,10,5,1,6
195039,195039,10,5,1,6
195572,195572,10,5,1,6
196109,196109,10,5,1,6
196636,196636,10,5,1,6
197175,197175,10,5,1,6
197713,197713,10,5,1,6
198253,198253,10,5,1,6
198794,198794,10,5,1,6
199336,199336,10,5,1,6
199853,199853,10,5,1,6
200382,200382,10,5,1,6
200904,200904,10,5,1,6
201437,201437,8,7,1,6
201980,201980,8,7,1,6
202509,202509,8,7,1,6
203048,203048,8,7,1,6
203583,203583,8,7,1,6
204125,204125,8,7,1,6
204654,204654,8,7,1,6
205181,205181,8,7,1,6
205712,205712,8,7,1,6
206252,206252,8,7,1,6
206791,206791,8,7,1,6
207328,207328,8,7,1,6
207857,207857,8,7,1,6
208382,208382,8,7,1,6
208903,208903,8,7,1,6
209432,209432,8,7,1,6
209977,209977,8,7,1,6
210503,210503,8,7,1,6
211048,211048,8,7,1,6
211591,211591,8,7,1,6
212126,212126,8,7,1,6
212660,212660,8,7,1,6
213200,213200,8,7,1,6
213726,213726,8,7,1,6
214270,214270,8,7,1,6
214814,214814,8,7,1,6
215355,215355,8,7,1,6
215886,215886,8,7,1,6
216429,216429,8,7,1,6
216954,216954,8,7,1,6
217481,217481,8,7,1,6
218025,218025,8,7,1,6
218571,218571,8,7,1,6
219119,219119,8,7,1,6
219671,219671,8,7,1,6
220214,220214,8,7,1,6
220756,220756,8,7,1,6
221302,221302,8,7,1,6
221850,221850,8,7,1,6
222399,222399,8,7,1,6
222957,222957,8,7,1,6
223506,223506,8,7,1,6
224066,224066,8,7,1,6
224605,224605,8,7,1,6
225147,225147,8,7,1,6
225695,225695,8,7,1,6
226257,226257,8,7,1,6
226811,226811,8,7,1,6
227382,227382,8,7,1,6
227943,227943,8,7,1,6
228506,228506,8,7,1,6
229060,229060,8,7,1,6
229616,229616,8,7,1,6
230180,230180,8,7,1,6
230743,230743,8,7,1,6
231316,231316,8,7,1,6
231883,231883,8,7,1,6
232450,232450,8,7,1,6
233011,233011,8,7,1,6
233558,233558,8,7,1,6
234128,234128,6,9,1,6
234696,234696,6,9,1,6
235268,235268,6,9,1,6
235838,235838,6,9,1,6
236416,236416,6,9,1,6
236975,236975,6,9,1,6
237539,237539,6,9,1,6
238107,238107,6,9,1,6
238679,238679,6,9,1,6
239252,239252,6,9,1,6
239818,239818,6,9,1,6
240394,240394,6,9,1,6
240957,240957,6,9,1,6
241510,241510,6,9,1,6
242073,242073,6,9,1,6
242637,242637,6,9,1,6
243208,243208,6,9,1,6
243782,243782,6,9,1,6
244357,244357,6,9,1,6
244926,244926,6,9,1,6
245487,245487,6,9,1,6
246049,246049,6,9,1,6
246622,246622,6,9,1,6
247187,247187,6,9,1,6
247760,247760,6,9,1,6
248336,248336,6,9,1,6
248904,248904,6,9,1,6
249466,249466,6,9,1,6
250016,250016,6,9,1,6
250574,250574,6,9,1,6
251147,251147,6,9,1,6
251720,251720,6,9,1,6
252293,252293,6,9,1,6
252853,252853,6,9,1,6
253420,253420,6,9,1,6
253986,253986,6,9,1,6
254544,254544,6,9,1,6
255112,255112,6,9,1,6
255688,255688,6,9,1,6
256256,256256,6,9,1,6
256828,256828,6,9,1,6
257387,257387,6,9,1,6
257941,257941,6,9,1,6
258502,258502,6,9,1,6
259063,259063,6,9,1,6
259634,259634,6,9,1,6
260206,260206,6,9,1,6
260782,260782,6,9,1,6
261342,261342,6,9,1,6
261900,261900,6,9,1,6
320,320,6,9,1,6
882,882,6,9,1,6
1447,1447,6,9,1,6
2018,2018,6,9,1,6
2569,2569,6,9,1,6
3138,3138,6,9,1,6
3684,3684,6,9,1,6
4220,4220,6,9,1,6
4774,4774,4,11,1,6
5333,5333,4,11,1,6
5889,5889,4,11,1,6
6436,6436,4,11,1,6
6985,6985,4,11,1,6
7541,7541,4,11,1,6
8070,8070,4,11,1,6
8613,8613,4,11,1,6
9157,9157,4,11,1,6
9696,9696,4,11,1,6
10241,10241,4,11,1,6
10780,10780,4,11,1,6
11309,11309,4,11,1,6
11839,11839,4,11,1,6
12348,12348,4,11,1,6
12876,12876,4,11,1,6
13397,13397,4,11,1,6
13924,13924,4,11,1,6
14447,14447,4,11,1,6
14967,14967,4,11,1,6
15485,15485,4,11,1,6
16002,16002,4,11,1,6
16512,16512,4,11,1,6
17029,17029,4,11,1,6
17534,17534,4,11,1,6
18048,18048,4,11,1,6
18573,18573,4,11,1,6
19081,19081,4,11,1,6
19586,19586,4,11,1,6
20091,20091,4,11,1,6
20582,20582,4,11,1,6
21081,21081,4,11,1,6
21583,21583,4,11,1,6
22080,22080,4,11,1,6
22586,22586,4,11,1,6
23091,23091,4,11,1,6
23584,23584,4,11,1,6
24087,24087,4,11,1,6
24573,24573,4,11,1,6
25074,25074,4,11,1,6
25581,25581,4,11,1,6
26090,26090,4,11,1,6
26601,26601,4,11,1,6
27104,27104,4,11,1,6
27624,27624,4,11,1,6
28129,28129,4,11,1,6
28622,28622,4,11,1,6
29124,29124,4,11,1,6
29645,29645,4,11,1,6
30154,30154,4,11,1,6
30658,30658,4,11,1,6
31175,31175,4,11,1,6
31687,31687,4,11,1,6
32193,32193,4,11,1,6
32698,32698,4,11,1,6
33206,33206,4,11,1,6
33722,33722,4,11,1,6
34238,34238,4,11,1,6
34766,34766,4,11,1,6
35292,35292,4,11,1,6
35811,35811,4,11,1,6
36331,36331,4,11,1,6
36841,36841,4,11,1,6
37367,37367,2,13,1,6
37894,37894,2,13,1,6
38428,38428,2,13,1,6
38955,38955,2,13,1,6
39485,39485,2,13,1,6
40008,40008,2,13,1,6
40527,40527,2,13,1,6
41031,41031,2,13,1,6
41552,41552,2,13,1,6
42068,42068,2,13,1,6
42592,42592,2,13,1,6
43104,43104,2,13,1,6
43616,43616,2,13,1,6
44133,44133,2,13,1,6
44640,44640,2,13,1,6
45143,45143,2,13,1,6
45651,45651,2,13,1,6
46173,46173,2,13,1,6
46685,46685,2,13,1,6
47214,47214,2,13,1,6
47723,47723,2,13,1,6
48235,48235,2,13,1,6
48740,48740,2,13,1,6
49242,49242,2,13,1,6
49742,49742,2,13,1,6
50234,50234,2,13,1,6
50736,50736,2,13,1,6
51231,51231,2,13,1,6
51718,51718,2,13,1,6
52202,52202,2,13,1,6
52678,52678,2,13,1,6
53155,53155,2,13,1,6
53628,53628,2,13,1,6
54106,54106,2,13,1,6
54598,54598,2,13,1,6
55076,55076,2,13,1,6
55562,55562,2,13,1,6
56044,56044,2,13,1,6
56527,56527,2,13,1,6
56997,56997,2,13,1,6
57472,57472,2,13,1,6
57939,57939,2,13,1,6
58413,58413,2,13,1,6
58893,58893,2,13,1,6
59360,59360,2,13,1,6
59838,59838,2,13,1,6
60302,60302,2,13,1,6
60766,60766,2,13,1,6
61214,61214,2,13,1,6
61676,61676,2,13,1,6
62132,62132,2,13,1,6
62596,62596,2,13,1,6
63069,63069,2,13,1,6
63539,63539,2,13,1,6
64001,64001,2,13,1,6
64466,64466,2,13,1,6
64937,64937,2,13,1,6
65393,65393,2,13,1,6
65860,65860,2,13,1,6
66317,66317,2,13,1,6
66795,66795,2,13,1,6
67268,67268,2,13,1,6
67744,67744,2,13,1,6
68212,68212,2,13,1,6
68677,68677,2,13,1,6
69142,69142,2,13,1,6
69601,69601,2,13,1,6
70062,70062,0,15,1,6
70533,70533,0,15,1,6
71005,71005,0,15,1,6
71487,71487,0,15,1,6
71968,71968,0,15,1,6
72451,72451,0,15,1,6
72932,72932,0,15,1,6
73400,73400,0,15,1,6
73872,73872,0,15,1,6
74354,74354,0,15,1,6
74840,74840,0,15,1,6
75312,75312,0,15,1,6
75795,75795,0,15,1,6
76275,76275,0,15,1,6
76763,76763,0,15,1,6
77230,77230,0,15,1,6
77697,77697,0,15,1,6
78182,78182,0,15,1,6
78656,78656,0,15,1,6
79145,79145,0,15,1,6
79633,79633,0,15,1,6
80122,80122,0,15,1,6
80620,80620,0,15,1,6
81105,81105,0,15,1,6
81580,81580,0,15,1,6
82068,82068,0,15,1,6
82555,82555,0,15,1,6
83045,83045,0,15,1,6
83539,83539,0,15,1,6
84026,84026,0,15,1,6
84507,84507,0,15,1,6
84994,84994,0,15,1,6
85472,85472,0,15,1,6
85946,85946,0,15,1,6
86424,86424,0,15,1,6
86914,86914,0,15,1,6
87404,87404,0,15,1,6
87888,87888,0,15,1,6
88388,88388,0,15,1,6
88878,88878,0,15,1,6
89367,89367,0,15,1,6
89854,89854,0,15,1,6
90337,90337,0,15,1,6
90833,90833,0,15,1,6
91326,91326,0,15,1,6
91813,91813,0,15,1,6
92319,92319,0,15,1,6
92803,92803,0,15,1,6
93297,93297,0,15,1,6
93783,93783,0,15,1,6
94257,94257,0,15,1,6
94744,94744,0,15,1,6
95231,95231,0,15,1,6
95737,95737,0,15,1,6
96239,96239,0,15,1,6
96744,96744,0,15,1,6
97237,97237,0,15,1,6
97741,97741,0,15,1,6
98233,98233,0,15,1,6
98724,98724,0,15,1,6
99232,99232,0,15,1,6
99732,99732,0,15,1,6
100245,100245,0,15,1,6
100757,100757,0,15,1,6
101257,101257,0,15,1,6
101760,101760,0,15,1,6
102261,102261,0,15,1,6
102759,102759,14,1,0,7
103270,103270,14,1,0,7
103784,103784,14,1,0,7
104309,104309,14,1,0,7
104819,104819,14,1,0,7
105332,105332,14,1,0,7
105853,105853,14,1,0,7
106356,106356,14,1,0,7
106861,106861,14,1,0,7
107367,107367,14,1,0,7
107891,107891,14,1,0,7
108410,108410,14,1,0,7
108925,108925,14,1,0,7
109434,109434,14,1,0,7
109944,109944,14,1,0,7
110442,110442,14,1,0,7
110941,110941,14,1,0,7
111462,111462,14,1,0,7
111978,111978,14,1,0,7
112496,112496,14,1,0,7
113016,113016,14,1,0,7
113522,113522,14,1,0,7
114040,114040,14,1,0,7
114544,114544,14,1,0,7
115049,115049,14,1,0,7
115559,115559,14,1,0,7
116075,116075,14,1,0,7
116588,116588,14,1,0,7
117104,117104,14,1,0,7
117611,117611,14,1,0,7
118117,118117,14,1,0,7
118611,118611,14,1,0,7
119113,119113,14,1,0,7
119616,119616,14,1,0,7
120127,120127,14,1,0,7
120633,120633,14,1,0,7
121154,121154,14,1,0,7
121651,121651,14,1,0,7
122171,122171,14,1,0,7
122658,122658,14,1,0,7
123163,123163,14,1,0,7
123668,123668,14,1,0,7
124174,124174,14,1,0,7
124691,124691,14,1,0,7
125199,125199,14,1,0,7
125701,125701,14,1,0,7
126201,126201,14,1,0,7
126692,126692,14,1,0,7
127194,127194,14,1,0,7
127690,127690,14,1,0,7
128194,128194,14,1,0,7
128704,128704,14,1,0,7
129211,129211,14,1,0,7
129724,129724,14,1,0,7
130229,130229,14,1,0,7
130732,130732,14,1,0,7
131229,131229,14,1,0,7
131742,131742,14,1,0,7
132246,132246,14,1,0,7
132757,132757,14,1,0,7
133272,133272,14,1,0,7
133786,133786,14,1,0,7
134290,134290,14,1,0,7
134790,134790,14,1,0,7
135288,135288,14,1,0,7
135784,135784,12,3,0,7
136302,136302,12,3,0,7
136821,136821,12,3,0,7
137337,137337,12,3,0,7
137857,137857,12,3,0,7
138370,138370,12,3,0,7
138880,138880,12,3,0,7
139393,139393,12,3,0,7
139914,139914,12,3,0,7
140438,140438,12,3,0,7
140967,140967,12,3,0,7
141495,141495,12,3,0,7
142013,142013,12,3,0,7
142543,142543,12,3,0,7
143063,143063,12,3,0,7
143587,143587,12,3,0,7
144112,144112,12,3,0,7
144652,144652,12,3,0,7
145187,145187,12,3,0,7
145731,145731,12,3,0,7
146271,146271,12,3,0,7
146812,146812,12,3,0,7
147343,147343,12,3,0,7
147888,147888,12,3,0,7
148430,148430,12,3,0,7
148983,148983,12,3,0,7
149526,149526,12,3,0,7
150086,150086,12,3,0,7
150633,150633,12,3,0,7
151176,151176,12,3,0,7
151717,151717,12,3,0,7
152275,152275,12,3,0,7
152840,152840,12,3,0,7
153407,153407,12,3,0,7
153969,153969,12,3,0,7
154536,154536,12,3,0,7
155102,155102,12,3,0,7
155656,155656,12,3,0,7
156221,156221,12,3,0,7
156791,156791,12,3,0,7
157361,157361,12,3,0,7
157930,157930,12,3,0,7
158504,158504,12,3,0,7
159070,159070,12,3,0,7
159624,159624,12,3,0,7
160180,160180,12,3,0,7
160755,160755,12,3,0,7
161331,161331,12,3,0,7
161899,161899,12,3,0,7
162477,162477,12,3,0,7
163053,163053,12,3,0,7
163620,163620,12,3,0,7
164179,164179,12,3,0,7
164760,164760,12,3,0,7
165327,165327,12,3,0,7
165901,165901,12,3,0,7
166475,166475,12,3,0,7
167031,167031,12,3,0,7
167592,167592,12,3,0,7
168141,168141,12,3,0,7
168701,168701,10,5,0,7
169263,169263,10,5,0,7
169831,169831,10,5,0,7
170397,170397,10,5,0,7
170960,170960,10,5,0,7
171514,171514,10,5,0,7
172067,172067,10,5,0,7
172618,172618,10,5,0,7
173175,173175,10,5,0,7
173739,173739,10,5,0,7
174303,174303,10,5,0,7
174852,174852,10,5,0,7
175401,175401,10,5,0,7
175943,175943,10,5,0,7
176494,176494,10,5,0,7
177044,177044,10,5,0,7
177599,177599,10,5,0,7
178158,178158,10,5,0,7
178711,178711,10,5,0,7
179259,179259,10,5,0,7
179809,179809,10,5,0,7
180347,180347,10,5,0,7
180902,180902,10,5,0,7
181455,181455,10,5,0,7
182013,182013,10,5,0,7
182558,182558,10,5,0,7
183109,183109,10,5,0,7
183660,183660,10,5,0,7
184203,184203,10,5,0,7
184743,184743,10,5,0,7
185309,185309,10,5,0,7
185864,185864,10,5,0,7
186426,186426,10,5,0,7
186998,186998,10,5,0,7
187546,187546,10,5,0,7
188104,188104,10,5,0,7
188658,188658,10,5,0,7
189216,189216,10,5,0,7
189786,189786,10,5,0,7
190351,190351,10,5,0,7
190920,190920,10,5,0,7
191479,191479,10,5,0,7
192042,192042,10,5,0,7
192590,192590,10,5,0,7
193156,193156,10,5,0,7
193729,193729,10,5,0,7
194305,194305,10,5,0,7
194880,194880,10,5,0,7
195454,195454,10,5,0,7
196017,196017,10,5,0,7
196580,196580,10,5,0,7
197148,197148,10,5,0,7
197712,197712,10,5,0,7
198286,198286,10,5,0,7
198860,198860,10,5,0,7
199426,199426,10,5,0,7
199989,199989,10,5,0,7
200532,200532,10,5,0,7
201093,201093,8,7,0,7
201655,201655,8,7,0,7
202222,202222,8,7,0,7
202794,202794,8,7,0,7
203365,203365,8,7,0,7
203935,203935,8,7,0,7
204482,204482,8,7,0,7
205039,205039,8,7,0,7
205594,205594,8,7,0,7
206161,206161,8,7,0,7
206717,206717,8,7,0,7
207270,207270,8,7,0,7
207821,207821,8,7,0,7
208360,208360,8,7,0,7
208895,208895,8,7,0,7
209443,209443,8,7,0,7
209983,209983,8,7,0,7
210532,210532,8,7,0,7
211081,211081,8,7,0,7
211625,211625,8,7,0,7
212168,212168,8,7,0,7
212701,212701,8,7,0,7
213240,213240,8,7,0,7
213770,213770,8,7,0,7
214311,214311,8,7,0,7
214846,214846,8,7,0,7
215378,215378,8,7,0,7
215913,215913,8,7,0,7
216439,216439,8,7,0,7
216957,216957,8,7,0,7
217476,217476,8,7,0,7
218004,218004,8,7,0,7
218541,218541,8,7,0,7
219066,219066,8,7,0,7
219604,219604,8,7,0,7
220137,220137,8,7,0,7
220661,220661,8,7,0,7
221174,221174,8,7,0,7
221699,221699,8,7,0,7
222223,222223,8,7,0,7
222756,222756,8,7,0,7
223272,223272,8,7,0,7
223801,223801,8,7,0,7
224320,224320,8,7,0,7
224834,224834,8,7,0,7
225338,225338,8,7,0,7
225849,225849,8,7,0,7
226374,226374,8,7,0,7
226895,226895,8,7,0,7
227419,227419,8,7,0,7
227940,227940,8,7,0,7
228464,228464,8,7,0,7
228967,228967,8,7,0,7
229471,229471,8,7,0,7
229979,229979,8,7,0,7
230486,230486,8,7,0,7
230999,230999,8,7,0,7
231499,231499,8,7,0,7
232004,232004,8,7,0,7
232497,232497,8,7,0,7
232993,232993,8,7,0,7
233471,233471,8,7,0,7
233963,233963,6,9,0,7
234454,234454,6,9,0,7
234948,234948,6,9,0,7
235448,235448,6,9,0,7
235945,235945,6,9,0,7
236428,236428,6,9,0,7
236917,236917,6,9,0,7
237395,237395,6,9,0,7
237870,237870,6,9,0,7
238348,238348,6,9,0,7
238830,238830,6,9,0,7
239308,239308,6,9,0,7
239788,239788,6,9,0,7
240254,240254,6,9,0,7
240723,240723,6,9,0,7
241184,241184,6,9,0,7
241634,241634,6,9,0,7
242093,242093,6,9,0,7
242554,242554,6,9,0,7
243021,243021,6,9,0,7
243482,243482,6,9,0,7
243941,243941,6,9,0,7
244408,244408,6,9,0,7
244860,244860,6,9,0,7
245316,245316,6,9,0,7
245762,245762,6,9,0,7
246219,246219,6,9,0,7
246669,246669,6,9,0,7
247127,247127,6,9,0,7
247581,247581,6,9,0,7
248029,248029,6,9,0,7
248486,248486,6,9,0,7
248934,248934,6,9,0,7
249376,249376,6,9,0,7
249812,249812,6,9,0,7
250254,250254,6,9,0,7
250697,250697,6,9,0,7
251147,251147,6,9,0,7
251597,251597,6,9,0,7
252054,252054,6,9,0,7
252508,252508,6,9,0,7
252964,252964,6,9,0,7
253417,253417,6,9,0,7
253851,253851,6,9,0,7
254301,254301,6,9,0,7
254762,254762,6,9,0,7
255219,255219,6,9,0,7
255672,255672,6,9,0,7
256130,256130,6,9,0,7
256587,256587,6,9,0,7
257047,257047,6,9,0,7
257498,257498,6,9,0,7
257947,257947,6,9,0,7
258403,258403,6,9,0,7
258865,258865,6,9,0,7
259334,259334,6,9,0,7
259808,259808,6,9,0,7
260279,260279,6,9,0,7
260762,260762,6,9,0,7
261232,261232,6,9,0,7
261711,261711,6,9,0,7
32,32,6,9,0,7
505,505,6,9,0,7
983,983,6,9,0,7
1473,1473,6,9,0,7
1958,1958,6,9,0,7
2447,2447,6,9,0,7
2927,2927,6,9,0,7
3407,3407,6,9,0,7
3887,3887,6,9,0,7
4371,4371,6,9,0,7
4854,4854,4,11,0,7
5352,5352,4,11,0,7
5850,5850,4,11,0,7
6350,6350,4,11,0,7
6850,6850,4,11,0,7
7351,7351,4,11,0,7
7842,7842,4,11,0,7
8334,8334,4,11,0,7
8834,8834,4,11,0,7
9336,9336,4,11,0,7
9833,9833,4,11,0,7
10339,10339,4,11,0,7
10838,10838,4,11,0,7
11333,11333,4,11,0,7
11826,11826,4,11,0,7
12322,12322,4,11,0,7
12809,12809,4,11,0,7
13314,13314,4,11,0,7
13819,13819,4,11,0,7
14321,14321,4,11,0,7
14827,14827,4,11,0,7
15335,15335,4,11,0,7
15835,15835,4,11,0,7
16327,16327,4,11,0,7
16831,16831,4,11,0,7
17325,17325,4,11,0,7
17825,17825,4,11,0,7
18328,18328,4,11,0,7
18827,18827,4,11,0,7
19321,19321,4,11,0,7
19815,19815,4,11,0,7
20298,20298,4,11,0,7
20777,20777,4,11,0,7
21271,21271,4,11,0,7
21762,21762,4,11,0,7
22263,22263,4,11,0,7
22755,22755,4,11,0,7
23253,23253,4,11,0,7
23745,23745,4,11,0,7
24227,24227,4,11,0,7
24714,24714,4,11,0,7
25207,25207,4,11,0,7
25708,25708,4,11,0,7
26201,26201,4,11,0,7
26690,26690,4,11,0,7
27189,27189,4,11,0,7
27675,27675,4,11,0,7
28164,28164,4,11,0,7
28642,28642,4,11,0,7
29127,29127,4,11,0,7
29622,29622,4,11,0,7
30119,30119,4,11,0,7
30611,30611,4,11,0,7
31114,31114,4,11,0,7
31605,31605,4,11,0,7
32099,32099,4,11,0,7
32583,32583,4,11,0,7
33078,33078,4,11,0,7
33574,33574,4,11,0,7
34065,34065,4,11,0,7
34564,34564,4,11,0,7
35058,35058,4,11,0,7
35562,35562,4,11,0,7
36051,36051,4,11,0,7
36539,36539,4,11,0,7
37029,37029,4,11,0,7
37530,37530,2,13,0,7
38029,38029,2,13,0,7
38535,38535,2,13,0,7
39049,39049,2,13,0,7
39552,39552,2,13,0,7
40063,40063,2,13,0,7
40566,40566,2,13,0,7
41061,41061,2,13,0,7
41562,41562,2,13,0,7
42077,42077,2,13,0,7
42591,42591,2,13,0,7
43095,43095,2,13,0,7
43604,43604,2,13,0,7
44111,44111,2,13,0,7
44616,44616,2,13,0,7
45117,45117,2,13,0,7
45624,45624,2,13,0,7
46135,46135,2,13,0,7
46658,46658,2,13,0,7
47180,47180,2,13,0,7
47709,47709,2,13,0,7
48229,48229,2,13,0,7
48757,48757,2,13,0,7
49271,49271,2,13,0,7
49797,49797,2,13,0,7
50323,50323,2,13,0,7
50853,50853,2,13,0,7
51379,51379,2,13,0,7
51914,51914,2,13,0,7
52435,52435,2,13,0,7
52957,52957,2,13,0,7
53477,53477,2,13,0,7
54000,54000,2,13,0,7
54537,54537,2,13,0,7
55083,55083,2,13,0,7
55612,55612,2,13,0,7
56167,56167,2,13,0,7
56697,56697,2,13,0,7
57228,57228,2,13,0,7
57766,57766,2,13,0,7
58311,58311,2,13,0,7
58852,58852,2,13,0,7
59392,59392,2,13,0,7
59943,59943,2,13,0,7
60479,60479,2,13,0,7
61019,61019,2,13,0,7
61545,61545,2,13,0,7
62081,62081,2,13,0,7
62627,62627,2,13,0,7
63176,63176,2,13,0,7
63726,63726,2,13,0,7
64275,64275,2,13,0,7
64822,64822,2,13,0,7
65354,65354,2,13,0,7
65899,65899,2,13,0,7
66442,66442,2,13,0,7
66988,66988,2,13,0,7
67546,67546,2,13,0,7
68084,68084,2,13,0,7
68635,68635,2,13,0,7
69176,69176,2,13,0,7
69707,69707,2,13,0,7
70257,70257,0,15,0,7
70806,70806,0,15,0,7
71360,71360,0,15,0,7
71918,71918,0,15,0,7
72471,72471,0,15,0,7
73020,73020,0,15,0,7
73555,73555,0,15,0,7
74109,74109,0,15,0,7
74661,74661,0,15,0,7
75210,75210,0,15,0,7
75760,75760,0,15,0,7
76316,76316,0,15,0,7
76859,76859,0,15,0,7
77399,77399,0,15,0,7
77939,77939,0,15,0,7
78481,78481,0,15,0,7
79033,79033,0,15,0,7
79595,79595,0,15,0,7
80155,80155,0,15,0,7
80712,80712,0,15,0,7
81264,81264,0,15,0,7
81807,81807,0,15,0,7
82357,82357,0,15,0,7
82912,82912,0,15,0,7
83453,83453,0,15,0,7
84012,84012,0,15,0,7
84568,84568,0,15,0,7
85119,85119,0,15,0,7
85653,85653,0,15,0,7
86186,86186,0,15,0,7
86735,86735,0,15,0,7
87290,87290,0,15,0,7
87843,87843,0,15,0,7
88402,88402,0,15,0,7
88954,88954,0,15,0,7
89496,89496,0,15,0,7
90036,90036,0,15,0,7
90581,90581,0,15,0,7
91126,91126,0,15,0,7
91677,91677,0,15,0,7
92231,92231,0,15,0,7
92778,92778,0,15,0,7
93316,93316,0,15,0,7
93854,93854,0,15,0,7
94376,94376,0,15,0,7
94922,94922,0,15,0,7
95465,95465,0,15,0,7
96010,96010,0,15,0,7
96552,96552,0,15,0,7
97094,97094,0,15,0,7
97629,97629,0,15,0,7
98151,98151,0,15,0,7
98688,98688,0,15,0,7
99218,99218,0,15,0,7
99757,99757,0,15,0,7
100302,100302,0,15,0,7
100845,100845,0,15,0,7
101375,101375,0,15,0,7
101904,101904,0,15,0,7
102426,102426,0,15,0,7
102961,102961,14,1,7,0
103490,103490,14,1,7,0
104028,104028,14,1,7,0
104566,104566,14,1,7,0
105103,105103,14,1,7,0
105640,105640,14,1,7,0
106161,106161,14,1,7,0
106689,106689,14,1,7,0
107223,107223,14,1,7,0
107760,107760,14,1,7,0
108300,108300,14,1,7,0
108836,108836,14,1,7,0
109377,109377,14,1,7,0
109913,109913,14,1,7,0
110440,110440,14,1,7,0
110978,110978,14,1,7,0
111512,111512,14,1,7,0
112066,112066,14,1,7,0
112617,112617,14,1,7,0
113176,113176,14,1,7,0
113723,113723,14,1,7,0
114265,114265,14,1,7,0
114805,114805,14,1,7,0
115361,115361,14,1,7,0
115915,115915,14,1,7,0
116472,116472,14,1,7,0
117027,117027,14,1,7,0
117588,117588,14,1,7,0
118149,118149,14,1,7,0
118698,118698,14,1,7,0
119257,119257,14,1,7,0
119826,119826,14,1,7,0
120407,120407,14,1,7,0
120983,120983,14,1,7,0
121566,121566,14,1,7,0
122145,122145,14,1,7,0
122715,122715,14,1,7,0
123285,123285,14,1,7,0
123856,123856,14,1,7,0
124443,124443,14,1,7,0
125016,125016,14,1,7,0
125590,125590,14,1,7,0
126167,126167,14,1,7,0
126728,126728,14,1,7,0
127296,127296,14,1,7,0
127863,127863,14,1,7,0
128447,128447,14,1,7,0
129036,129036,14,1,7,0
129613,129613,14,1,7,0
130182,130182,14,1,7,0
130753,130753,14,1,7,0
131315,131315,14,1,7,0
131886,131886,14,1,7,0
132455,132455,14,1,7,0
133032,133032,14,1,7,0
133600,133600,14,1,7,0
134161,134161,14,1,7,0
134722,134722,14,1,7,0
135267,135267,14,1,7,0
135821,135821,12,3,7,0
136382,136382,12,3,7,0
136948,136948,12,3,7,0
137506,137506,12,3,7,0
138056,138056,12,3,7,0
138604,138604,12,3,7,0
139141,139141,12,3,7,0
139686,139686,12,3,7,0
140232,140232,12,3,7,0
140775,140775,12,3,7,0
141320,141320,12,3,7,0
141862,141862,12,3,7,0
142386,142386,12,3,7,0
142922,142922,12,3,7,0
143432,143432,12,3,7,0
143957,143957,12,3,7,0
144485,144485,12,3,7,0
145018,145018,12,3,7,0
145545,145545,12,3,7,0
146071,146071,12,3,7,0
146591,146591,12,3,7,0
147106,147106,12,3,7,0
147607,147607,12,3,7,0
148127,148127,12,3,7,0
148654,148654,12,3,7,0
149167,149167,12,3,7,0
149681,149681,12,3,7,0
150192,150192,12,3,7,0
150697,150697,12,3,7,0
151201,151201,12,3,7,0
151703,151703,12,3,7,0
152202,152202,12,3,7,0
152715,152715,12,3,7,0
153236,153236,12,3,7,0
153748,153748,12,3,7,0
154256,154256,12,3,7,0
154763,154763,12,3,7,0
155272,155272,12,3,7,0
155768,155768,12,3,7,0
156265,156265,12,3,7,0
156773,156773,12,3,7,0
157283,157283,12,3,7,0
157791,157791,12,3,7,0
158291,158291,12,3,7,0
158792,158792,12,3,7,0
159286,159286,12,3,7,0
159779,159779,12,3,7,0
160275,160275,12,3,7,0
160775,160775,12,3,7,0
161285,161285,12,3,7,0
161791,161791,12,3,7,0
162303,162303,12,3,7,0
162803,162803,12,3,7,0
163306,163306,12,3,7,0
163802,163802,12,3,7,0
164306,164306,12,3,7,0
164796,164796,12,3,7,0
165304,165304,12,3,7,0
165805,165805,12,3,7,0
166306,166306,12,3,7,0
166799,166799,12,3,7,0
167304,167304,12,3,7,0
167776,167776,12,3,7,0
168268,168268,10,5,7,0
168770,168770,10,5,7,0
169268,169268,10,5,7,0
169770,169770,10,5,7,0
170270,170270,10,5,7,0
170770,170770,10,5,7,0
171262,171262,10,5,7,0
171753,171753,10,5,7,0
172244,172244,10,5,7,0
172737,172737,10,5,7,0
173238,173238,10,5,7,0
173730,173730,10,5,7,0
174222,174222,10,5,7,0
174721,174721,10,5,7,0
175207,175207,10,5,7,0
175697,175697,10,5,7,0
176173,176173,10,5,7,0
176661,176661,10,5,7,0
177144,177144,10,5,7,0
177643,177643,10,5,7,0
178132,178132,10,5,7,0
178618,178618,10,5,7,0
179113,179113,10,5,7,0
179596,179596,10,5,7,0
180077,180077,10,5,7,0
180559,180559,10,5,7,0
181045,181045,10,5,7,0
181535,181535,10,5,7,0
182024,182024,10,5,7,0
182517,182517,10,5,7,0
183002,183002,10,5,7,0
183484,183484,10,5,7,0
183964,183964,10,5,7,0
184439,184439,10,5,7,0
184924,184924,10,5,7,0
185412,185412,10,5,7,0
185908,185908,10,5,7,0
186404,186404,10,5,7,0
186896,186896,10,5,7,0
187384,187384,10,5,7,0
187878,187878,10,5,7,0
188357,188357,10,5,7,0
188846,188846,10,5,7,0
189334,189334,10,5,7,0
189825,189825,10,5,7,0
190314,190314,10,5,7,0
190807,190807,10,5,7,0
191300,191300,10,5,7,0
191787,191787,10,5,7,0
192262,192262,10,5,7,0
192745,192745,10,5,7,0
193234,193234,10,5,7,0
193728,193728,10,5,7,0
194221,194221,10,5,7,0
194719,194719,10,5,7,0
195214,195214,10,5,7,0
195705,195705,10,5,7,0
196180,196180,10,5,7,0
196660,196660,10,5,7,0
197149,197149,10,5,7,0
197635,197635,10,5,7,0
198125,198125,10,5,7,0
198612,198612,10,5,7,0
199099,199099,10,5,7,0
199582,199582,10,5,7,0
200063,200063,10,5,7,0
200531,200531,10,5,7,0
201012,201012,8,7,7,0
201499,201499,8,7,7,0
201988,201988,8,7,7,0
202475,202475,8,7,7,0
202966,202966,8,7,7,0
203451,203451,8,7,7,0
203934,203934,8,7,7,0
204412,204412,8,7,7,0
204886,204886,8,7,7,0
205360,205360,8,7,7,0
205836,205836,8,7,7,0
206312,206312,8,7,7,0
206796,206796,8,7,7,0
207273,207273,8,7,7,0
207741,207741,8,7,7,0
208217,208217,8,7,7,0
208678,208678,8,7,7,0
209142,209142,8,7,7,0
209615,209615,8,7,7,0
210088,210088,8,7,7,0
210566,210566,8,7,7,0
211046,211046,8,7,7,0
211517,211517,8,7,7,0
211994,211994,8,7,7,0
212470,212470,8,7,7,0
212928,212928,8,7,7,0
213404,213404,8,7,7,0
213879,213879,8,7,7,0
214355,214355,8,7,7,0
214831,214831,8,7,7,0
215313,215313,8,7,7,0
215790,215790,8,7,7,0
216264,216264,8,7,7,0
216732,216732,8,7,7,0
217204,217204,8,7,7,0
217681,217681,8,7,7,0
218161,218161,8,7,7,0
218644,218644,8,7,7,0
219125,219125,8,7,7,0
219616,219616,8,7,7,0
220093,220093,8,7,7,0
220577,220577,8,7,7,0
221040,221040,8,7,7,0
221519,221519,8,7,7,0
222002,222002,8,7,7,0
222492,222492,8,7,7,0
222979,222979,8,7,7,0
223464,223464,8,7,7,0
223947,223947,8,7,7,0
224436,224436,8,7,7,0
224915,224915,8,7,7,0
225392,225392,8,7,7,0
225881,225881,8,7,7,0
226380,226380,8,7,7,0
226879,226879,8,7,7,0
227371,227371,8,7,7,0
227880,227880,8,7,7,0
228370,228370,8,7,7,0
228865,228865,8,7,7,0
229357,229357,8,7,7,0
229861,229861,8,7,7,0
230361,230361,8,7,7,0
230865,230865,8,7,7,0
231380,231380,8,7,7,0
231882,231882,8,7,7,0
232392,232392,8,7,7,0
232894,232894,8,7,7,0
233402,233402,8,7,7,0
233913,233913,6,9,7,0
234421,234421,6,9,7,0
234951,234951,6,9,7,0
235477,235477,6,9,7,0
235998,235998,6,9,7,0
236530,236530,6,9,7,0
237059,237059,6,9,7,0
237571,237571,6,9,7,0
238098,238098,6,9,7,0
238631,238631,6,9,7,0
239167,239167,6,9,7,0
239702,239702,6,9,7,0
240230,240230,6,9,7,0
240772,240772,6,9,7,0
241298,241298,6,9,7,0
241827,241827,6,9,7,0
242360,242360,6,9,7,0
242908,242908,6,9,7,0
243460,243460,6,9,7,0
244010,244010,6,9,7,0
244559,244559,6,9,7,0
245101,245101,6,9,7,0
245638,245638,6,9,7,0
246189,246189,6,9,7,0
246736,246736,6,9,7,0
247285,247285,6,9,7,0
247850,247850,6,9,7,0
248398,248398,6,9,7,0
248950,248950,6,9,7,0
249489,249489,6,9,7,0
250022,250022,6,9,7,0
250572,250572,6,9,7,0
251124,251124,6,9,7,0
251687,251687,6,9,7,0
252246,252246,6,9,7,0
252798,252798,6,9,7,0
253338,253338,6,9,7,0
253879,253879,6,9,7,0
254425,254425,6,9,7,0
254974,254974,6,9,7,0
255522,255522,6,9,7,0
256073,256073,6,9,7,0
256619,256619,6,9,7,0
257169,257169,6,9,7,0
257705,257705,6,9,7,0
258242,258242,6,9,7,0
258778,258778,6,9,7,0
259325,259325,6,9,7,0
259877,259877,6,9,7,0
260425,260425,6,9,7,0
260962,260962,6,9,7,0
261507,261507,6,9,7,0
262024,262024,6,9,7,0
418,418,6,9,7,0
959,959,6,9,7,0
1506,1506,6,9,7,0
2035,2035,6,9,7,0
2581,2581,6,9,7,0
3117,3117,6,9,7,0
3647,3647,6,9,7,0
4169,4169,6,9,7,0
4700,4700,4,11,7,0
5245,5245,4,11,7,0
5788,5788,4,11,7,0
6328,6328,4,11,7,0
6870,6870,4,11,7,0
7413,7413,4,11,7,0
7941,7941,4,11,7,0
8471,8471,4,11,7,0
9010,9010,4,11,7,0
9550,9550,4,11,7,0
10088,10088,4,11,7,0
10636,10636,4,11,7,0
11167,11167,4,11,7,0
11711,11711,4,11,7,0
12241,12241,4,11,7,0
12782,12782,4,11,7,0
13325,13325,4,11,7,0
13874,13874,4,11,7,0
14420,14420,4,11,7,0
14978,14978,4,11,7,0
15532,15532,4,11,7,0
16072,16072,4,11,7,0
16627,16627,4,11,7,0
17169,17169,4,11,7,0
17727,17727,4,11,7,0
18287,18287,4,11,7,0
18835,18835,4,11,7,0
19398,19398,4,11,7,0
19958,19958,4,11,7,0
20498,20498,4,11,7,0
21069,21069,4,11,7,0
21628,21628,4,11,7,0
22194,22194,4,11,7,0
22761,22761,4,11,7,0
23325,23325,4,11,7,0
23892,23892,4,11,7,0
24448,24448,4,11,7,0
25013,25013,4,11,7,0
25578,25578,4,11,7,0
26160,26160,4,11,7,0
26718,26718,4,11,7,0
27285,27285,4,11,7,0
27860,27860,4,11,7,0
28407,28407,4,11,7,0
28969,28969,4,11,7,0
29540,29540,4,11,7,0
30113,30113,4,11,7,0
30680,30680,4,11,7,0
31251,31251,4,11,7,0
31824,31824,4,11,7,0
32387,32387,4,11,7,0
32945,32945,4,11,7,0
33504,33504,4,11,7,0
34075,34075,4,11,7,0
34640,34640,4,11,7,0
35212,35212,4,11,7,0
35776,35776,4,11,7,0
36339,36339,4,11,7,0
36891,36891,4,11,7,0
37456,37456,2,13,7,0
38027,38027,2,13,7,0
38599,38599,2,13,7,0
39175,39175,2,13,7,0
39741,39741,2,13,7,0
40304,40304,2,13,7,0
40859,40859,2,13,7,0
41422,41422,2,13,7,0
41985,41985,2,13,7,0
42559,42559,2,13,7,0
43125,43125,2,13,7,0
43700,43700,2,13,7,0
44260,44260,2,13,7,0
44817,44817,2,13,7,0
45385,45385,2,13,7,0
45958,45958,2,13,7,0
46530,46530,2,13,7,0
47101,47101,2,13,7,0
47682,47682,2,13,7,0
48253,48253,2,13,7,0
48814,48814,2,13,7,0
49379,49379,2,13,7,0
49946,49946,2,13,7,0
50523,50523,2,13,7,0
51095,51095,2,13,7,0
51673,51673,2,13,7,0
52243,52243,2,13,7,0
52798,52798,2,13,7,0
53353,53353,2,13,7,0
53919,53919,2,13,7,0
54486,54486,2,13,7,0
55048,55048,2,13,7,0
55626,55626,2,13,7,0
56180,56180,2,13,7,0
56739,56739,2,13,7,0
57284,57284,2,13,7,0
57836,57836,2,13,7,0
58388,58388,2,13,7,0
58945,58945,2,13,7,0
59509,59509,2,13,7,0
60052,60052,2,13,7,0
60600,60600,2,13,7,0
61133,61133,2,13,7,0
61667,61667,2,13,7,0
62211,62211,2,13,7,0
62761,62761,2,13,7,0
63307,63307,2,13,7,0
63850,63850,2,13,7,0
64375,64375,2,13,7,0
64911,64911,2,13,7,0
65421,65421,2,13,7,0
65940,65940,2,13,7,0
66466,66466,2,13,7,0
66986,66986,2,13,7,0
67509,67509,2,13,7,0
68029,68029,2,13,7,0
68540,68540,2,13,7,0
69048,69048,2,13,7,0
69548,69548,2,13,7,0
70045,70045,0,15,7,0
70549,70549,0,15,7,0
71061,71061,0,15,7,0
71563,71563,0,15,7,0
72071,72071,0,15,7,0
72567,72567,0,15,7,0
73069,73069,0,15,7,0
73557,73557,0,15,7,0
74042,74042,0,15,7,0
74526,74526,0,15,7,0
75032,75032,0,15,7,0
75529,75529,0,15,7,0
76017,76017,0,15,7,0
76511,76511,0,15,7,0
77000,77000,0,15,7,0
77478,77478,0,15,7,0
77956,77956,0,15,7,0
78445,78445,0,15,7,0
78939,78939,0,15,7,0
79427,79427,0,15,7,0
79921,79921,0,15,7,0
80415,80415,0,15,7,0
80904,80904,0,15,7,0
81398,81398,0,15,7,0
81867,81867,0,15,7,0
82359,82359,0,15,7,0
82841,82841,0,15,7,0
83334,83334,0,15,7,0
83829,83829,0,15,7,0
84324,84324,0,15,7,0
84814,84814,0,15,7,0
85305,85305,0,15,7,0
85792,85792,0,15,7,0
86280,86280,0,15,7,0
86770,86770,0,15,7,0
87271,87271,0,15,7,0
87765,87765,0,15,7,0
88273,88273,0,15,7,0
88768,88768,0,15,7,0
89271,89271,0,15,7,0
89768,89768,0,15,7,0
90251,90251,0,15,7,0
90744,90744,0,15,7,0
91244,91244,0,15,7,0
91758,91758,0,15,7,0
92258,92258,0,15,7,0
92753,92753,0,15,7,0
93249,93249,0,15,7,0
93750,93750,0,15,7,0
94237,94237,0,15,7,0
94735,94735,0,15,7,0
95235,95235,0,15,7,0
95741,95741,0,15,7,0
96243,96243,0,15,7,0
96749,96749,0,15,7,0
97251,97251,0,15,7,0
97753,97753,0,15,7,0
98236,98236,0,15,7,0
98738,98738,0,15,7,0
99237,99237,0,15,7,0
99735,99735,0,15,7,0
100239,100239,0,15,7,0
100738,100738,0,15,7,0
101239,101239,0,15,7,0
101729,101729,0,15,7,0
102214,102214,0,15,7,0
102706,102706,14,1,6,1
103195,103195,14,1,6,1
103696,103696,14,1,6,1
104193,104193,14,1,6,1
104688,104688,14,1,6,1
105181,105181,14,1,6,1
105674,105674,14,1,6,1
106161,106161,14,1,6,1
106634,106634,14,1,6,1
107121,107121,14,1,6,1
107606,107606,14,1,6,1
108102,108102,14,1,6,1
108586,108586,14,1,6,1
109073,109073,14,1,6,1
109554,109554,14,1,6,1
110038,110038,14,1,6,1
110506,110506,14,1,6,1
110988,110988,14,1,6,1
111462,111462,14,1,6,1
111944,111944,14,1,6,1
112426,112426,14,1,6,1
112906,112906,14,1,6,1
113385,113385,14,1,6,1
113863,113863,14,1,6,1
114328,114328,14,1,6,1
114800,114800,14,1,6,1
115269,115269,14,1,6,1
115746,115746,14,1,6,1
116222,116222,14,1,6,1
116704,116704,14,1,6,1
117177,117177,14,1,6,1
117652,117652,14,1,6,1
118119,118119,14,1,6,1
118580,118580,14,1,6,1
119049,119049,14,1,6,1
